"STATION","DATE","LATITUDE","LONGITUDE","ELEVATION","NAME","TEMP","TEMP_ATTRIBUTES","DEWP","DEWP_ATTRIBUTES","SLP","SLP_ATTRIBUTES","STP","STP_ATTRIBUTES","VISIB","VISIB_ATTRIBUTES","WDSP","WDSP_ATTRIBUTES","MXSPD","GUST","MAX","MAX_ATTRIBUTES","MIN","MIN_ATTRIBUTES","PRCP","PRCP_ATTRIBUTES","SNDP","FRSHTT"
"41150099999","2016-01-01","26.270834","50.63361","1.82","BAHRAIN INTERNATIONAL, BA","  71.0","24","  65.2","24","1016.4"," 8","999.9"," 0","  5.3","15","  7.8","24"," 13.0"," 17.1","  78.8"," ","  64.0"," "," 0.00","I","999.9","000000"
"41150099999","2016-01-02","26.270834","50.63361","1.82","BAHRAIN INTERNATIONAL, BA","  68.5","24","  60.5","24","1018.4"," 7","999.9"," 0","  4.9","20"," 13.8","24"," 20.0","999.9","  71.6","*","  64.4","*","99.99"," ","999.9","010000"
"41150099999","2016-01-03","26.270834","50.63361","1.82","BAHRAIN INTERNATIONAL, BA","  61.3","24","  46.5","24","1023.6"," 8","999.9"," 0","  8.1","23"," 23.0","24"," 28.0","999.9","  64.4","*","  59.0","*"," 0.00","I","999.9","000000"
"41150099999","2016-01-04","26.270834","50.63361","1.82","BAHRAIN INTERNATIONAL, BA","  61.6","24","  50.0","24","1024.2"," 8","999.9"," 0","  8.9","17"," 14.4","24"," 20.0","999.9","  65.3"," ","  58.8"," "," 0.00","I","999.9","000000"
"41150099999","2016-01-05","26.270834","50.63361","1.82","BAHRAIN INTERNATIONAL, BA","  62.7","23","  55.2","23","1022.1"," 8","999.9"," 0","  5.6","16","  7.0","23","  9.9","999.9","  66.7"," ","  58.6"," "," 0.00","I","999.9","000000"
"41150099999","2016-01-06","26.270834","50.63361","1.82","BAHRAIN INTERNATIONAL, BA","  64.4","24","  49.5","24","1020.2"," 8","999.9"," 0","  6.8","10","  5.2","24","  8.0","999.9","  69.8"," ","  59.0","*"," 0.00","I","999.9","000000"
"41150099999","2016-01-07","26.270834","50.63361","1.82","BAHRAIN INTERNATIONAL, BA","  64.7","24","  57.1","24","1020.8"," 8","999.9"," 0","  5.0","20","  6.5","24"," 13.0","999.9","  68.4"," ","  60.8","*"," 0.00","I","999.9","000000"
"41150099999","2016-01-08","26.270834","50.63361","1.82","BAHRAIN INTERNATIONAL, BA","  66.0","24","  55.3","24","1019.4"," 8","999.9"," 0","  4.9","24","  6.2","24"," 12.0","999.9","  72.0"," ","  57.0"," "," 0.00","I","999.9","000000"
"41150099999","2016-01-09","26.270834","50.63361","1.82","BAHRAIN INTERNATIONAL, BA","  69.5","24","  56.4","24","1015.2"," 8","999.9"," 0","  4.5","24","  8.9","24"," 15.0","999.9","  76.1"," ","  64.4","*"," 0.00","E","999.9","000000"
"41150099999","2016-01-10","26.270834","50.63361","1.82","BAHRAIN INTERNATIONAL, BA","  66.4","24","  51.4","24","1019.6"," 8","999.9"," 0","  4.9","18"," 16.3","24"," 18.1","999.9","  70.3"," ","  62.6","*"," 0.00","I","999.9","000000"
"41150099999","2016-01-11","26.270834","50.63361","1.82","BAHRAIN INTERNATIONAL, BA","  63.2","24","  51.4","24","1021.9"," 8","999.9"," 0","  7.3","17"," 15.1","24"," 19.0","999.9","  67.3"," ","  59.0","*"," 0.00","I","999.9","000000"
"41150099999","2016-01-12","26.270834","50.63361","1.82","BAHRAIN INTERNATIONAL, BA","  62.3","24","  54.1","24","1020.2"," 8","999.9"," 0","  5.1","18"," 11.0","24"," 15.0","999.9","  66.0"," ","  57.9"," "," 0.00","E","999.9","000000"
"41150099999","2016-01-13","26.270834","50.63361","1.82","BAHRAIN INTERNATIONAL, BA","  62.5","24","  50.9","24","9999.9"," 0","999.9"," 0","  6.2"," 7"," 15.7","24"," 21.0","999.9","  66.2","*","  59.0","*"," 0.00","E","999.9","000000"
"41150099999","2016-01-14","26.270834","50.63361","1.82","BAHRAIN INTERNATIONAL, BA","  62.0","24","  53.3","24","9999.9"," 0","999.9"," 0","  4.7","10"," 11.1","24"," 17.1","999.9","  66.2","*","  59.0","*"," 0.00","I","999.9","000000"
"41150099999","2016-01-15","26.270834","50.63361","1.82","BAHRAIN INTERNATIONAL, BA","  61.9","24","  54.8","24","9999.9"," 0","999.9"," 0","  3.5","19","  4.7","24","  8.0","999.9","  66.2","*","  57.2","*"," 0.00","I","999.9","000000"
"41150099999","2016-01-16","26.270834","50.63361","1.82","BAHRAIN INTERNATIONAL, BA","  63.5","24","  56.0","24","9999.9"," 0","999.9"," 0","  3.4","17","  7.7","24"," 12.0","999.9","  68.0","*","  57.2","*"," 0.00","I","999.9","000000"
"41150099999","2016-01-17","26.270834","50.63361","1.82","BAHRAIN INTERNATIONAL, BA","  65.1","24","  59.0","24","1017.7"," 5","999.9"," 0","  3.7","20"," 12.0","24"," 15.9","999.9","  69.8","*","  61.9"," "," 0.00","I","999.9","000000"
"41150099999","2016-01-18","26.270834","50.63361","1.82","BAHRAIN INTERNATIONAL, BA","  64.0","24","  56.4","24","1017.2"," 7","999.9"," 0","  4.5","19","  4.8","24","  8.9","999.9","  68.4"," ","  57.2","*"," 0.00","I","999.9","000000"
"41150099999","2016-01-19","26.270834","50.63361","1.82","BAHRAIN INTERNATIONAL, BA","  63.9","24","  57.2","24","1017.5"," 7","999.9"," 0","  3.2","19","  4.1","24","  7.0","999.9","  71.8"," ","  55.4","*"," 0.00","I","999.9","100000"
"41150099999","2016-01-20","26.270834","50.63361","1.82","BAHRAIN INTERNATIONAL, BA","  65.3","24","  59.5","24","1020.1"," 8","999.9"," 0","  3.4","24","  2.8","24","  8.0","999.9","  73.6"," ","  57.9"," "," 0.00","I","999.9","100000"
"41150099999","2016-01-21","26.270834","50.63361","1.82","BAHRAIN INTERNATIONAL, BA","  66.4","24","  61.8","24","1021.8"," 8","999.9"," 0","  2.1","24","  7.8","24"," 12.0","999.9","  70.7"," ","  62.2"," "," 0.00","I","999.9","000000"
"41150099999","2016-01-22","26.270834","50.63361","1.82","BAHRAIN INTERNATIONAL, BA","  66.3","24","  59.7","24","1019.7"," 8","999.9"," 0","  3.6","24","  6.4","24","  9.9","999.9","  72.0"," ","  61.9"," "," 0.00","I","999.9","000000"
"41150099999","2016-01-23","26.270834","50.63361","1.82","BAHRAIN INTERNATIONAL, BA","  67.8","24","  58.1","24","1017.7"," 8","999.9"," 0","  4.6","21","  6.0","24"," 11.1","999.9","  76.1"," ","  62.6"," "," 0.00","I","999.9","000000"
"41150099999","2016-01-24","26.270834","50.63361","1.82","BAHRAIN INTERNATIONAL, BA","  69.8","24","  59.5","24","1015.9"," 6","999.9"," 0","  4.6","14","  8.7","24"," 12.0","999.9","  77.0","*","  64.4","*"," 0.00","I","999.9","000000"
"41150099999","2016-01-25","26.270834","50.63361","1.82","BAHRAIN INTERNATIONAL, BA","  67.2","24","  59.5","24","1015.7"," 8","999.9"," 0","  4.3","19"," 13.8","24"," 21.0","999.9","  69.8","*","  64.0"," "," 0.00","I","999.9","000000"
"41150099999","2016-01-26","26.270834","50.63361","1.82","BAHRAIN INTERNATIONAL, BA","  66.0","24","  46.4","24","1018.0"," 7","999.9"," 0","  7.9"," 9"," 14.3","24"," 18.1","999.9","  68.7"," ","  64.2"," "," 0.00","I","999.9","000000"
"41150099999","2016-01-27","26.270834","50.63361","1.82","BAHRAIN INTERNATIONAL, BA","  64.5","24","  50.3","24","1017.4"," 8","999.9"," 0","  7.9","12"," 15.2","24"," 19.0","999.9","  68.0","*","  62.6","*"," 0.00","I","999.9","000000"
"41150099999","2016-01-28","26.270834","50.63361","1.82","BAHRAIN INTERNATIONAL, BA","  60.6","24","  45.2","24","1020.3"," 7","999.9"," 0","  8.3","16"," 17.9","24"," 24.1","999.9","  65.7"," ","  51.8","*"," 0.00","I","999.9","000000"
"41150099999","2016-01-29","26.270834","50.63361","1.82","BAHRAIN INTERNATIONAL, BA","  53.3","24","  37.4","24","1025.9"," 8","999.9"," 0","  7.4","21"," 18.4","24"," 21.0","999.9","  57.7"," ","  50.0","*"," 0.00","I","999.9","000000"
"41150099999","2016-01-30","26.270834","50.63361","1.82","BAHRAIN INTERNATIONAL, BA","  54.9","24","  37.4","24","1026.3"," 8","999.9"," 0","  8.0","16"," 17.2","24"," 22.9","999.9","  59.0"," ","  50.0","*"," 0.00","I","999.9","000000"
"41150099999","2016-01-31","26.270834","50.63361","1.82","BAHRAIN INTERNATIONAL, BA","  58.0","24","  43.7","24","1024.7"," 8","999.9"," 0","  8.3"," 8"," 11.1","24"," 15.9","999.9","  63.3"," ","  53.2"," "," 0.00","I","999.9","000000"
"41150099999","2016-02-01","26.270834","50.63361","1.82","BAHRAIN INTERNATIONAL, BA","  58.9","24","  44.9","24","1023.6"," 8","999.9"," 0","  9.0"," 8"," 10.4","24"," 17.1","999.9","  64.4","*","  54.3"," "," 0.00","I","999.9","000000"
"41150099999","2016-02-02","26.270834","50.63361","1.82","BAHRAIN INTERNATIONAL, BA","  59.9","24","  47.1","24","1021.6"," 8","999.9"," 0","  6.3","11","  6.7","24"," 12.0","999.9","  64.6"," ","  54.9"," "," 0.00","I","999.9","000000"
"41150099999","2016-02-03","26.270834","50.63361","1.82","BAHRAIN INTERNATIONAL, BA","  61.6","24","  53.8","24","1021.9"," 8","999.9"," 0","  4.6","20","  9.2","24"," 14.0","999.9","  66.2"," ","  56.5"," "," 0.00","I","999.9","000000"
"41150099999","2016-02-04","26.270834","50.63361","1.82","BAHRAIN INTERNATIONAL, BA","  62.8","23","  53.7","23","1024.6"," 7","999.9"," 0","  6.5","10"," 13.3","23"," 21.0","999.9","  66.7"," ","  59.0"," "," 0.00","I","999.9","000000"
"41150099999","2016-02-05","26.270834","50.63361","1.82","BAHRAIN INTERNATIONAL, BA","  63.8","24","  56.4","24","1024.2"," 8","999.9"," 0","  5.8","13","  8.9","24"," 14.0","999.9","  70.0"," ","  58.1"," "," 0.00","I","999.9","000000"
"41150099999","2016-02-06","26.270834","50.63361","1.82","BAHRAIN INTERNATIONAL, BA","  62.9","24","  50.8","24","1019.0"," 8","999.9"," 0","  4.8","14","  5.7","24","  8.9","999.9","  72.3"," ","  57.2","*"," 0.00","I","999.9","000000"
"41150099999","2016-02-07","26.270834","50.63361","1.82","BAHRAIN INTERNATIONAL, BA","  66.9","24","  48.1","24","1015.3"," 7","999.9"," 0","  8.0"," 7","  9.5","24"," 14.0","999.9","  75.2"," ","  60.4"," "," 0.00","I","999.9","000000"
"41150099999","2016-02-08","26.270834","50.63361","1.82","BAHRAIN INTERNATIONAL, BA","  66.0","24","  55.0","24","1017.1"," 8","999.9"," 0","  6.5","12"," 11.5","24"," 19.0","999.9","  70.7"," ","  62.6","*"," 0.00","I","999.9","000000"
"41150099999","2016-02-09","26.270834","50.63361","1.82","BAHRAIN INTERNATIONAL, BA","  64.0","24","  46.3","24","1020.9"," 8","999.9"," 0","  7.6","14"," 17.9","24"," 21.0","999.9","  68.5"," ","  60.8","*"," 0.00","I","999.9","000000"
"41150099999","2016-02-10","26.270834","50.63361","1.82","BAHRAIN INTERNATIONAL, BA","  62.6","24","  49.1","24","1018.9"," 8","999.9"," 0","  9.8"," 8"," 11.3","24"," 18.1","999.9","  67.5"," ","  58.6"," "," 0.00","I","999.9","000000"
"41150099999","2016-02-11","26.270834","50.63361","1.82","BAHRAIN INTERNATIONAL, BA","  63.6","24","  51.1","24","1017.0"," 8","999.9"," 0","  7.0","10"," 10.5","24"," 22.9"," 31.1","  70.0"," ","  56.8"," "," 0.00","I","999.9","000000"
"41150099999","2016-02-12","26.270834","50.63361","1.82","BAHRAIN INTERNATIONAL, BA","  61.6","24","  49.7","24","1020.7"," 8","999.9"," 0","  6.7","19"," 17.7","24"," 22.9","999.9","  65.1"," ","  57.7"," "," 0.00","I","999.9","000000"
"41150099999","2016-02-13","26.270834","50.63361","1.82","BAHRAIN INTERNATIONAL, BA","  62.5","24","  51.2","24","1020.3"," 8","999.9"," 0","  7.9"," 8"," 13.0","24"," 19.0","999.9","  66.9"," ","  58.1"," "," 0.00","I","999.9","000000"
"41150099999","2016-02-14","26.270834","50.63361","1.82","BAHRAIN INTERNATIONAL, BA","  62.9","24","  55.3","24","1020.6"," 8","999.9"," 0","  5.4","15","  9.3","24"," 13.0","999.9","  67.3"," ","  57.2","*"," 0.00","I","999.9","000000"
"41150099999","2016-02-15","26.270834","50.63361","1.82","BAHRAIN INTERNATIONAL, BA","  64.4","18","  54.0","18","1021.3"," 6","999.9"," 0","  5.7","10","  9.9","18"," 17.1","999.9","  72.0"," ","  59.5"," "," 0.00","I","999.9","000000"
"41150099999","2016-02-16","26.270834","50.63361","1.82","BAHRAIN INTERNATIONAL, BA","  66.5","24","  52.4","24","1019.8"," 8","999.9"," 0","  7.6"," 8","  8.7","24"," 15.9","999.9","  73.0"," ","  62.4"," "," 0.00","I","999.9","000000"
"41150099999","2016-02-17","26.270834","50.63361","1.82","BAHRAIN INTERNATIONAL, BA","  65.9","24","  59.9","24","1019.2"," 8","999.9"," 0","  4.5","22","  6.2","24","  8.9","999.9","  71.6"," ","  60.8"," "," 0.00","I","999.9","000000"
"41150099999","2016-02-18","26.270834","50.63361","1.82","BAHRAIN INTERNATIONAL, BA","  66.5","19","  55.8","19","1019.9"," 6","999.9"," 0","  2.7","16","  5.9","19","  9.9","999.9","  73.4","*","  60.1"," "," 0.00","I","999.9","100000"
"41150099999","2016-02-19","26.270834","50.63361","1.82","BAHRAIN INTERNATIONAL, BA","  68.2","24","  52.8","24","1020.1"," 7","999.9"," 0","  5.2","17","  4.5","24","  8.0","999.9","  74.8"," ","  62.6","*"," 0.00","I","999.9","000000"
"41150099999","2016-02-20","26.270834","50.63361","1.82","BAHRAIN INTERNATIONAL, BA","  71.5","24","  49.2","24","1019.0"," 8","999.9"," 0","  8.7"," 8","  5.9","24","  9.9","999.9","  80.8"," ","  63.3"," "," 0.00","I","999.9","000000"
"41150099999","2016-02-21","26.270834","50.63361","1.82","BAHRAIN INTERNATIONAL, BA","  71.8","24","  49.3","24","1016.9"," 8","999.9"," 0","  9.0"," 8","  7.4","24","  9.9","999.9","  81.9"," ","  66.2","*"," 0.00","I","999.9","000000"
"41150099999","2016-02-22","26.270834","50.63361","1.82","BAHRAIN INTERNATIONAL, BA","  71.5","24","  55.2","24","1014.6"," 7","999.9"," 0","  7.0"," 8"," 11.4","24"," 15.9","999.9","  82.6"," ","  66.2","*"," 0.00","I","999.9","000000"
"41150099999","2016-02-23","26.270834","50.63361","1.82","BAHRAIN INTERNATIONAL, BA","  72.7","24","  60.9","24","1013.6"," 8","999.9"," 0","  8.2"," 8"," 12.0","24"," 15.0","999.9","  78.6"," ","  68.9"," "," 0.00","I","999.9","000000"
"41150099999","2016-02-24","26.270834","50.63361","1.82","BAHRAIN INTERNATIONAL, BA","  69.7","24","  60.1","24","1016.1"," 6","999.9"," 0","  5.0","19"," 13.2","24"," 19.0","999.9","  73.6"," ","  67.8"," "," 0.00","E","999.9","010010"
"41150099999","2016-02-25","26.270834","50.63361","1.82","BAHRAIN INTERNATIONAL, BA","  68.9","24","  56.5","24","1017.1"," 8","999.9"," 0","  8.4","13"," 14.1","24"," 18.1","999.9","  73.6"," ","  66.2","*"," 0.00","I","999.9","000000"
"41150099999","2016-02-26","26.270834","50.63361","1.82","BAHRAIN INTERNATIONAL, BA","  69.2","24","  55.3","24","1018.0"," 8","999.9"," 0","  8.8"," 8","  7.3","24"," 13.0","999.9","  75.4"," ","  65.7"," "," 0.00","I","999.9","000000"
"41150099999","2016-02-27","26.270834","50.63361","1.82","BAHRAIN INTERNATIONAL, BA","  69.8","24","  59.5","23","1018.1"," 8","999.9"," 0","  6.1","11","  5.3","24","  9.9","999.9","  75.6"," ","  62.1"," "," 0.00","I","999.9","000000"
"41150099999","2016-02-28","26.270834","50.63361","1.82","BAHRAIN INTERNATIONAL, BA","  70.7","24","  63.1","24","1018.5"," 8","999.9"," 0","  6.4","16","  8.2","24"," 21.0"," 35.9","  73.8"," ","  66.2","*"," 0.12","E","999.9","010010"
"41150099999","2016-02-29","26.270834","50.63361","1.82","BAHRAIN INTERNATIONAL, BA","  69.9","24","  62.5","24","1019.7"," 7","999.9"," 0","  5.9","17"," 13.4","24"," 19.0","999.9","  73.9"," ","  68.0","*"," 0.00","I","999.9","000000"
"41150099999","2016-03-01","26.270834","50.63361","1.82","BAHRAIN INTERNATIONAL, BA","  69.4","24","  56.9","24","1016.0"," 8","999.9"," 0","  7.5"," 8"," 10.2","24"," 17.1","999.9","  73.9"," ","  66.0"," "," 0.00","I","999.9","000000"
"41150099999","2016-03-02","26.270834","50.63361","1.82","BAHRAIN INTERNATIONAL, BA","  70.3","24","  58.8","24","1015.0"," 8","999.9"," 0","  7.8"," 8","  5.2","24","  9.9","999.9","  76.3"," ","  65.5"," "," 0.00","I","999.9","000000"
"41150099999","2016-03-03","26.270834","50.63361","1.82","BAHRAIN INTERNATIONAL, BA","  71.8","24","  57.7","24","1015.9"," 7","999.9"," 0","  7.2"," 9","  6.7","24"," 11.1","999.9","  80.6"," ","  64.6"," "," 0.00","I","999.9","000000"
"41150099999","2016-03-04","26.270834","50.63361","1.82","BAHRAIN INTERNATIONAL, BA","  72.3","24","  62.3","24","1014.5"," 7","999.9"," 0","  5.9","14","  7.7","24"," 12.0","999.9","  77.4"," ","  67.5"," "," 0.00","I","999.9","000000"
"41150099999","2016-03-05","26.270834","50.63361","1.82","BAHRAIN INTERNATIONAL, BA","  74.0","24","  60.4","24","1012.1"," 8","999.9"," 0","  6.6","11","  6.9","24"," 12.0","999.9","  80.1"," ","  69.6"," ","99.99"," ","999.9","010000"
"41150099999","2016-03-06","26.270834","50.63361","1.82","BAHRAIN INTERNATIONAL, BA","  74.4","24","  58.9","24","1010.9"," 8","999.9"," 0","  7.0","12","  6.8","24"," 13.0","999.9","  79.2"," ","  71.6","*"," 0.00","F","999.9","010000"
"41150099999","2016-03-07","26.270834","50.63361","1.82","BAHRAIN INTERNATIONAL, BA","  73.2","24","  61.2","24","1012.9"," 8","999.9"," 0","  5.7","15","  8.1","24"," 14.0","999.9","  79.2"," ","  69.8","*"," 0.00","I","999.9","000010"
"41150099999","2016-03-08","26.270834","50.63361","1.82","BAHRAIN INTERNATIONAL, BA","  70.8","24","  58.7","24","1012.4"," 7","999.9"," 0","  9.2","10"," 10.7","24"," 25.1","999.9","  76.6"," ","  68.0","*"," 0.00","E","999.9","010000"
"41150099999","2016-03-09","26.270834","50.63361","1.82","BAHRAIN INTERNATIONAL, BA","  69.9","24","  58.8","24","1011.8"," 6","999.9"," 0","  6.5","12","  7.5","24"," 15.9","999.9","  75.6"," ","  68.0","*"," 0.10","F","999.9","010010"
"41150099999","2016-03-10","26.270834","50.63361","1.82","BAHRAIN INTERNATIONAL, BA","  72.0","24","  57.3","24","1014.1"," 8","999.9"," 0","  6.8"," 9","  6.3","24","  8.9","999.9","  77.5"," ","  66.2"," "," 0.00","I","999.9","000000"
"41150099999","2016-03-11","26.270834","50.63361","1.82","BAHRAIN INTERNATIONAL, BA","  74.5","24","  57.2","24","1014.2"," 8","999.9"," 0","  6.7","11","  5.2","24"," 11.1","999.9","  82.6"," ","  66.2"," ","99.99"," ","999.9","010000"
"41150099999","2016-03-12","26.270834","50.63361","1.82","BAHRAIN INTERNATIONAL, BA","  76.4","24","  56.5","24","1013.8"," 8","999.9"," 0","  8.9"," 8","  7.7","24"," 13.0","999.9","  88.3"," ","  69.8"," "," 0.08","E","999.9","000010"
"41150099999","2016-03-13","26.270834","50.63361","1.82","BAHRAIN INTERNATIONAL, BA","  74.8","23","  57.2","23","1013.9"," 8","999.9"," 0","  7.0","10","  7.3","23"," 12.0","999.9","  79.0"," ","  69.8"," "," 0.00","I","999.9","000000"
"41150099999","2016-03-14","26.270834","50.63361","1.82","BAHRAIN INTERNATIONAL, BA","  73.0","24","  59.0","24","1013.8"," 7","999.9"," 0","  7.0"," 9","  6.0","24"," 15.9","999.9","  78.8","*","  69.8","*"," 0.00","E","999.9","010000"
"41150099999","2016-03-15","26.270834","50.63361","1.82","BAHRAIN INTERNATIONAL, BA","  74.4","24","  64.3","24","1011.8"," 8","999.9"," 0","  7.4","11","  4.5","24","  8.0","999.9","  80.8"," ","  70.5"," "," 0.00","E","999.9","010000"
"41150099999","2016-03-16","26.270834","50.63361","1.82","BAHRAIN INTERNATIONAL, BA","  70.7","24","  57.8","24","1014.4"," 8","999.9"," 0","  2.9","24","  9.2","24"," 12.0","999.9","  72.5"," ","  69.3","*"," 0.04","F","999.9","010000"
"41150099999","2016-03-17","26.270834","50.63361","1.82","BAHRAIN INTERNATIONAL, BA","  72.2","24","  55.4","24","9999.9"," 0","999.9"," 0","  4.8","24","  7.4","24"," 13.0","999.9","  76.6"," ","  69.8","*"," 0.00","I","999.9","000000"
"41150099999","2016-03-18","26.270834","50.63361","1.82","BAHRAIN INTERNATIONAL, BA","  71.8","24","  52.8","24","1016.9"," 8","999.9"," 0","  6.2","11","  9.8","24"," 13.0","999.9","  77.4"," ","  66.2"," "," 0.00","I","999.9","000000"
"41150099999","2016-03-19","26.270834","50.63361","1.82","BAHRAIN INTERNATIONAL, BA","  71.3","24","  54.2","24","1018.1"," 8","999.9"," 0","  8.5"," 8"," 10.2","24"," 14.0","999.9","  75.7"," ","  67.6"," "," 0.00","I","999.9","000000"
"41150099999","2016-03-20","26.270834","50.63361","1.82","BAHRAIN INTERNATIONAL, BA","  72.3","24","  51.4","24","1016.8"," 8","999.9"," 0"," 11.7"," 8","  7.0","24"," 12.0","999.9","  77.4"," ","  68.0","*"," 0.00","I","999.9","000000"
"41150099999","2016-03-21","26.270834","50.63361","1.82","BAHRAIN INTERNATIONAL, BA","  76.0","24","  60.4","24","1012.5"," 8","999.9"," 0","  5.7","12","  9.7","24"," 15.9"," 28.0","  79.5"," ","  69.6"," ","99.99"," ","999.9","010000"
"41150099999","2016-03-22","26.270834","50.63361","1.82","BAHRAIN INTERNATIONAL, BA","  75.1","23","  60.9","23","1012.2"," 8","999.9"," 0","  3.0","23"," 10.3","23"," 15.9","999.9","  80.8"," ","  69.8","*"," 0.01","F","999.9","010000"
"41150099999","2016-03-23","26.270834","50.63361","1.82","BAHRAIN INTERNATIONAL, BA","  72.8","21","  52.3","21","1017.1"," 7","999.9"," 0","  5.4","12"," 12.1","21"," 20.0","999.9","  79.0"," ","  68.0"," "," 0.00","I","999.9","000000"
"41150099999","2016-03-24","26.270834","50.63361","1.82","BAHRAIN INTERNATIONAL, BA","  70.7","24","  51.4","24","1019.8"," 8","999.9"," 0","  9.1"," 8"," 12.5","24"," 20.0","999.9","  77.0","*","  67.3"," "," 0.00","I","999.9","000000"
"41150099999","2016-03-25","26.270834","50.63361","1.82","BAHRAIN INTERNATIONAL, BA","  71.2","24","  54.0","23","1019.5"," 8","999.9"," 0","  7.6"," 9","  5.6","24","  8.0","999.9","  78.8","*","  65.3"," "," 0.00","I","999.9","000000"
"41150099999","2016-03-26","26.270834","50.63361","1.82","BAHRAIN INTERNATIONAL, BA","  73.7","24","  58.1","24","1016.5"," 8","999.9"," 0","  5.8","13","  6.3","24","  9.9","999.9","  80.8"," ","  64.0"," "," 0.00","I","999.9","000000"
"41150099999","2016-03-27","26.270834","50.63361","1.82","BAHRAIN INTERNATIONAL, BA","  76.9","24","  61.7","24","1011.3"," 8","999.9"," 0","  7.1"," 9"," 11.0","24"," 15.0","999.9","  86.0","*","  71.4"," "," 0.00","I","999.9","000000"
"41150099999","2016-03-28","26.270834","50.63361","1.82","BAHRAIN INTERNATIONAL, BA","  78.4","24","  64.1","24","1008.9"," 8","999.9"," 0","  6.8","16","  9.8","24"," 15.0"," 20.0","  88.3"," ","  73.4","*"," 0.04","E","999.9","010000"
"41150099999","2016-03-29","26.270834","50.63361","1.82","BAHRAIN INTERNATIONAL, BA","  76.1","24","  65.7","24","1010.0"," 7","999.9"," 0","  5.3","20"," 12.7","24"," 21.0","999.9","  84.2","*","  71.6","*"," 0.01","F","999.9","010010"
"41150099999","2016-03-30","26.270834","50.63361","1.82","BAHRAIN INTERNATIONAL, BA","  70.8","24","  53.3","24","1014.6"," 6","999.9"," 0","  7.2","11"," 19.1","24"," 26.0"," 31.1","  75.0"," ","  68.0","*"," 0.00","E","999.9","010010"
"41150099999","2016-03-31","26.270834","50.63361","1.82","BAHRAIN INTERNATIONAL, BA","  68.7","24","  53.4","24","1015.4"," 8","999.9"," 0","  7.3","13"," 15.1","24"," 21.0","999.9","  74.5"," ","  64.4","*"," 0.00","E","999.9","010000"
"41150099999","2016-04-01","26.270834","50.63361","1.82","BAHRAIN INTERNATIONAL, BA","  69.1","24","  50.1","24","1016.0"," 8","999.9"," 0","  8.5"," 8"," 12.5","24"," 18.1","999.9","  75.2","*","  64.4"," "," 0.02","E","999.9","000000"
"41150099999","2016-04-02","26.270834","50.63361","1.82","BAHRAIN INTERNATIONAL, BA","  70.4","24","  46.3","24","1017.5"," 7","999.9"," 0","  8.8"," 7","  8.3","24"," 14.0","999.9","  77.2"," ","  65.5"," "," 0.00","I","999.9","000000"
"41150099999","2016-04-03","26.270834","50.63361","1.82","BAHRAIN INTERNATIONAL, BA","  70.9","23","  45.5","23","1017.9"," 6","999.9"," 0","  8.1"," 6","  5.0","23","  8.0","999.9","  79.2"," ","  64.2"," "," 0.00","I","999.9","000000"
"41150099999","2016-04-04","26.270834","50.63361","1.82","BAHRAIN INTERNATIONAL, BA","  73.0","24","  50.1","24","1015.1"," 8","999.9"," 0","  7.3"," 8","  4.7","24","  8.0","999.9","  80.6"," ","  64.6"," "," 0.00","I","999.9","000000"
"41150099999","2016-04-05","26.270834","50.63361","1.82","BAHRAIN INTERNATIONAL, BA","  75.1","24","  55.6","24","1011.6"," 7","999.9"," 0","  7.6","11","  6.3","24","  9.9","999.9","  80.1"," ","  68.2"," "," 0.00","I","999.9","000000"
"41150099999","2016-04-06","26.270834","50.63361","1.82","BAHRAIN INTERNATIONAL, BA","  75.0","24","  62.4","24","1011.2"," 8","999.9"," 0","  6.9","14","  5.0","24","  8.9","999.9","  81.1"," ","  69.8","*"," 0.00","E","999.9","010000"
"41150099999","2016-04-07","26.270834","50.63361","1.82","BAHRAIN INTERNATIONAL, BA","  75.3","23","  65.6","23","1010.3"," 7","999.9"," 0","  6.1","14","  6.6","23"," 11.1","999.9","  82.4","*","  70.2"," "," 0.04","F","999.9","010000"
"41150099999","2016-04-08","26.270834","50.63361","1.82","BAHRAIN INTERNATIONAL, BA","  78.2","24","  57.1","24","1010.6"," 8","999.9"," 0","  6.8","14","  7.4","24"," 14.0","999.9","  86.5"," ","  71.8"," "," 0.00","I","999.9","000000"
"41150099999","2016-04-09","26.270834","50.63361","1.82","BAHRAIN INTERNATIONAL, BA","  80.1","24","  54.9","24","1011.9"," 8","999.9"," 0","  7.1"," 8","  5.0","24"," 12.0","999.9","  88.2"," ","  73.2"," "," 0.00","I","999.9","000000"
"41150099999","2016-04-10","26.270834","50.63361","1.82","BAHRAIN INTERNATIONAL, BA","  81.9","24","  58.8","24","1013.0"," 7","999.9"," 0","  5.5","18","  5.5","24","  8.9","999.9","  96.3"," ","  74.3"," "," 0.00","I","999.9","000000"
"41150099999","2016-04-11","26.270834","50.63361","1.82","BAHRAIN INTERNATIONAL, BA","  82.3","24","  56.8","24","1011.7"," 8","999.9"," 0","  5.6","14","  7.7","24"," 14.0","999.9","  95.2"," ","  75.7"," "," 0.00","I","999.9","000000"
"41150099999","2016-04-12","26.270834","50.63361","1.82","BAHRAIN INTERNATIONAL, BA","  79.6","22","  59.0","22","1010.0"," 8","999.9"," 0","  5.2","20","  6.0","22"," 13.0","999.9","  84.9"," ","  75.2","*"," 0.00","H","999.9","010000"
"41150099999","2016-04-13","26.270834","50.63361","1.82","BAHRAIN INTERNATIONAL, BA","  79.0","24","  65.6","24","1007.7"," 8","999.9"," 0","  7.0","14"," 10.2","24"," 15.0"," 22.9","  86.5"," ","  74.3"," "," 0.03","F","999.9","010000"
"41150099999","2016-04-14","26.270834","50.63361","1.82","BAHRAIN INTERNATIONAL, BA","  81.0","24","  66.5","24","1007.1"," 6","999.9"," 0","  5.7","14","  9.0","24"," 17.1"," 22.0","  90.5"," ","  76.5"," "," 0.00","E","999.9","010010"
"41150099999","2016-04-15","26.270834","50.63361","1.82","BAHRAIN INTERNATIONAL, BA","  76.9","24","  64.5","24","1012.4"," 6","999.9"," 0","  8.1"," 6","  7.9","24"," 15.9"," 18.1","  82.4","*","  73.4","*"," 0.00","E","999.9","000000"
"41150099999","2016-04-16","26.270834","50.63361","1.82","BAHRAIN INTERNATIONAL, BA","  77.3","24","  57.2","24","1015.2"," 6","999.9"," 0"," 10.0"," 6"," 11.7","24"," 21.0","999.9","  83.1","*","  73.0"," "," 0.00","I","999.9","000000"
"41150099999","2016-04-17","26.270834","50.63361","1.82","BAHRAIN INTERNATIONAL, BA","  79.2","24","  55.2","24","1013.2"," 8","999.9"," 0","  9.6"," 8"," 11.8","24"," 18.1","999.9","  87.8"," ","  72.3"," "," 0.00","I","999.9","000000"
"41150099999","2016-04-18","26.270834","50.63361","1.82","BAHRAIN INTERNATIONAL, BA","  80.9","24","  52.3","24","1011.3"," 8","999.9"," 0","  8.4"," 8","  6.7","24"," 11.1","999.9","  91.0"," ","  73.4"," "," 0.00","I","999.9","000000"
"41150099999","2016-04-19","26.270834","50.63361","1.82","BAHRAIN INTERNATIONAL, BA","  81.2","24","  50.8","24","1011.7"," 8","999.9"," 0","  7.5"," 8","  6.4","24"," 14.0","999.9","  90.1"," ","  74.1"," "," 0.00","I","999.9","000000"
"41150099999","2016-04-20","26.270834","50.63361","1.82","BAHRAIN INTERNATIONAL, BA","  80.3","24","  52.4","23","1015.0"," 7","999.9"," 0","  7.8"," 7","  4.9","24","  8.9","999.9","  89.8"," ","  73.9"," "," 0.00","I","999.9","000000"
"41150099999","2016-04-21","26.270834","50.63361","1.82","BAHRAIN INTERNATIONAL, BA","  81.8","24","  51.6","24","1014.4"," 8","999.9"," 0","  9.3"," 8","  5.3","24","  8.9","999.9","  91.8"," ","  72.5"," "," 0.00","I","999.9","000000"
"41150099999","2016-04-22","26.270834","50.63361","1.82","BAHRAIN INTERNATIONAL, BA","  83.1","24","  50.9","22","1012.5"," 8","999.9"," 0","  8.0"," 8","  4.7","24","  8.9","999.9","  93.4"," ","  75.0"," "," 0.00","I","999.9","000000"
"41150099999","2016-04-23","26.270834","50.63361","1.82","BAHRAIN INTERNATIONAL, BA","  84.0","24","  53.5","23","1009.3"," 8","999.9"," 0","  7.4"," 8","  5.9","24","  9.9","999.9","  95.4"," ","  77.0"," "," 0.00","I","999.9","000000"
"41150099999","2016-04-24","26.270834","50.63361","1.82","BAHRAIN INTERNATIONAL, BA","  83.6","24","  62.2","24","1006.7"," 7","999.9"," 0","  5.5","16","  5.4","24","  8.9","999.9","  92.3"," ","  78.8","*"," 0.00","I","999.9","000000"
"41150099999","2016-04-25","26.270834","50.63361","1.82","BAHRAIN INTERNATIONAL, BA","  84.7","24","  63.0","24","1007.7"," 8","999.9"," 0","  7.3"," 8","  4.6","24","  7.0","999.9","  94.3"," ","  77.5"," "," 0.00","I","999.9","000000"
"41150099999","2016-04-26","26.270834","50.63361","1.82","BAHRAIN INTERNATIONAL, BA","  87.2","24","  58.8","24","1009.7"," 8","999.9"," 0","  5.9","12","  5.5","24"," 11.1","999.9"," 102.6"," ","  81.0"," "," 0.00","I","999.9","000000"
"41150099999","2016-04-27","26.270834","50.63361","1.82","BAHRAIN INTERNATIONAL, BA","  85.8","24","  63.7","24","1009.9"," 7","999.9"," 0","  5.0","19","  5.5","24","  8.0","999.9","  98.4"," ","  79.2"," "," 0.00","I","999.9","000000"
"41150099999","2016-04-28","26.270834","50.63361","1.82","BAHRAIN INTERNATIONAL, BA","  87.3","24","  58.9","24","1008.0"," 7","999.9"," 0","  5.1","16","  6.4","24","  9.9","999.9"," 102.0"," ","  77.0","*"," 0.00","I","999.9","000000"
"41150099999","2016-04-29","26.270834","50.63361","1.82","BAHRAIN INTERNATIONAL, BA","  85.0","24","  66.8","24","1007.8"," 8","999.9"," 0","  5.1","22","  6.3","24","  9.9","999.9","  95.2"," ","  79.5"," "," 0.00","I","999.9","000000"
"41150099999","2016-04-30","26.270834","50.63361","1.82","BAHRAIN INTERNATIONAL, BA","  81.1","24","  66.4","24","1010.6"," 8","999.9"," 0","  5.4","17"," 14.1","24"," 25.1"," 27.0","  85.8"," ","  77.0","*","99.99"," ","999.9","010000"
"41150099999","2016-05-01","26.270834","50.63361","1.82","BAHRAIN INTERNATIONAL, BA","  81.9","23","  58.4","23","1010.9"," 5","999.9"," 0","  7.7"," 5"," 10.2","23"," 17.1","999.9","  87.8"," ","  76.5"," "," 0.00","E","999.9","000000"
"41150099999","2016-05-02","26.270834","50.63361","1.82","BAHRAIN INTERNATIONAL, BA","  87.2","24","  54.1","24","1008.7"," 8","999.9"," 0","  8.5"," 8","  6.3","24","  8.9","999.9","  98.1"," ","  78.3"," "," 0.00","I","999.9","000000"
"41150099999","2016-05-03","26.270834","50.63361","1.82","BAHRAIN INTERNATIONAL, BA","  91.0","24","  58.2","24","1006.9"," 7","999.9"," 0","  5.8","13","  5.1","24","  9.9","999.9"," 101.1"," ","  83.1"," "," 0.00","I","999.9","000000"
"41150099999","2016-05-04","26.270834","50.63361","1.82","BAHRAIN INTERNATIONAL, BA","  87.6","24","  66.0","24","1006.7"," 7","999.9"," 0","  5.0","22","  8.1","24"," 15.0","999.9","  94.1"," ","  82.4","*"," 0.00","I","999.9","000000"
"41150099999","2016-05-05","26.270834","50.63361","1.82","BAHRAIN INTERNATIONAL, BA","  88.5","24","  61.0","24","1006.7"," 8","999.9"," 0","  4.5","24","  6.6","24"," 14.0"," 22.0"," 102.7"," ","  82.4"," "," 0.00","I","999.9","000000"
"41150099999","2016-05-06","26.270834","50.63361","1.82","BAHRAIN INTERNATIONAL, BA","  87.4","24","  66.0","24","1007.1"," 7","999.9"," 0","  4.6","23","  5.7","24"," 12.0","999.9","  96.8"," ","  81.7"," "," 0.00","I","999.9","000000"
"41150099999","2016-05-07","26.270834","50.63361","1.82","BAHRAIN INTERNATIONAL, BA","  87.8","24","  69.9","24","1007.8"," 8","999.9"," 0","  5.2","18","  5.5","24"," 14.0","999.9"," 100.0"," ","  81.3"," "," 0.00","I","999.9","000000"
"41150099999","2016-05-08","26.270834","50.63361","1.82","BAHRAIN INTERNATIONAL, BA","  91.4","24","  66.1","24","1008.0"," 8","999.9"," 0","  5.1","16","  3.8","24","  8.0","999.9","  99.9"," ","  82.4"," "," 0.00","I","999.9","000000"
"41150099999","2016-05-09","26.270834","50.63361","1.82","BAHRAIN INTERNATIONAL, BA","  89.9","24","  65.3","24","1007.6"," 7","999.9"," 0","  4.7","24","  5.7","24"," 17.1","999.9","  94.3"," ","  86.0","*"," 0.00","E","999.9","010000"
"41150099999","2016-05-10","26.270834","50.63361","1.82","BAHRAIN INTERNATIONAL, BA","  88.6","24","  68.0","24","1007.5"," 8","999.9"," 0","  4.0","24","  7.6","24"," 11.1","999.9","  93.9"," ","  84.2","*"," 0.00","E","999.9","010000"
"41150099999","2016-05-11","26.270834","50.63361","1.82","BAHRAIN INTERNATIONAL, BA","  92.2","24","  66.3","24","1007.8"," 8","999.9"," 0","  4.7","24","  6.9","24"," 11.1","999.9"," 102.9"," ","  87.1"," "," 0.00","E","999.9","010000"
"41150099999","2016-05-12","26.270834","50.63361","1.82","BAHRAIN INTERNATIONAL, BA","  94.7","24","  63.8","24","1006.0"," 8","999.9"," 0","  5.4","17","  8.0","24"," 13.0","999.9"," 107.1"," ","  86.7"," "," 0.00","I","999.9","000000"
"41150099999","2016-05-13","26.270834","50.63361","1.82","BAHRAIN INTERNATIONAL, BA","  90.6","24","  69.4","24","1006.4"," 8","999.9"," 0","  5.5","14","  9.8","24"," 15.9","999.9"," 101.5"," ","  86.0","*"," 0.00","I","999.9","000000"
"41150099999","2016-05-14","26.270834","50.63361","1.82","BAHRAIN INTERNATIONAL, BA","  90.1","24","  62.0","24","1009.0"," 8","999.9"," 0","  8.2"," 8"," 12.5","24"," 18.1","999.9","  96.4"," ","  83.3"," "," 0.00","I","999.9","000000"
"41150099999","2016-05-15","26.270834","50.63361","1.82","BAHRAIN INTERNATIONAL, BA","  90.2","24","  65.4","24","1007.6"," 8","999.9"," 0","  5.5","18"," 13.1","24"," 24.1","999.9","  96.3"," ","  85.8"," "," 0.00","I","999.9","000000"
"41150099999","2016-05-16","26.270834","50.63361","1.82","BAHRAIN INTERNATIONAL, BA","  86.6","23","  75.4","23","1005.6"," 7","999.9"," 0","  4.3","13","  9.0","23"," 14.0","999.9","  92.8"," ","  82.4","*"," 0.00","I","999.9","000000"
"41150099999","2016-05-17","26.270834","50.63361","1.82","BAHRAIN INTERNATIONAL, BA","  87.9","24","  73.4","24","1004.7"," 8","999.9"," 0","  4.2","22","  5.7","24","  9.9","999.9","  97.7"," ","  80.4"," "," 0.00","I","999.9","000000"
"41150099999","2016-05-18","26.270834","50.63361","1.82","BAHRAIN INTERNATIONAL, BA","  91.5","24","  69.2","24","1004.1"," 8","999.9"," 0","  4.9","21","  4.9","24","  8.9","999.9"," 102.2","*","  81.9"," "," 0.00","I","999.9","000000"
"41150099999","2016-05-19","26.270834","50.63361","1.82","BAHRAIN INTERNATIONAL, BA","  93.9","24","  68.9","24","1002.4"," 7","999.9"," 0","  4.5","23","  4.5","24","  9.9","999.9"," 106.9"," ","  85.3"," "," 0.00","I","999.9","000000"
"41150099999","2016-05-20","26.270834","50.63361","1.82","BAHRAIN INTERNATIONAL, BA","  89.6","24","  66.3","24","1003.4"," 7","999.9"," 0","  5.0","19"," 18.0","24"," 24.1","999.9","  93.0"," ","  86.0","*"," 0.00","I","999.9","000000"
"41150099999","2016-05-21","26.270834","50.63361","1.82","BAHRAIN INTERNATIONAL, BA","  87.5","24","  62.3","24","1005.8"," 8","999.9"," 0","  6.6","11"," 18.4","24"," 25.1","999.9","  91.9"," ","  84.2","*"," 0.00","I","999.9","000000"
"41150099999","2016-05-22","26.270834","50.63361","1.82","BAHRAIN INTERNATIONAL, BA","  88.6","24","  61.2","24","1006.4"," 7","999.9"," 0","  7.8"," 7"," 13.5","24"," 21.0","999.9","  93.2"," ","  83.5"," "," 0.00","I","999.9","000000"
"41150099999","2016-05-23","26.270834","50.63361","1.82","BAHRAIN INTERNATIONAL, BA","  91.3","24","  56.5","24","1005.4"," 8","999.9"," 0","  9.5"," 8","  8.9","24"," 15.0","999.9","  99.5"," ","  84.2","*"," 0.00","I","999.9","000000"
"41150099999","2016-05-24","26.270834","50.63361","1.82","BAHRAIN INTERNATIONAL, BA","  94.2","24","  58.0","23","1003.3"," 8","999.9"," 0","  7.7"," 9","  5.6","24"," 15.9","999.9"," 105.1"," ","  82.9"," "," 0.00","I","999.9","000000"
"41150099999","2016-05-25","26.270834","50.63361","1.82","BAHRAIN INTERNATIONAL, BA","  87.4","24","  61.0","24","1005.6"," 8","999.9"," 0","  4.6","16"," 19.7","24"," 26.0"," 35.0","  91.4"," ","  84.2","*"," 0.00","I","999.9","000000"
"41150099999","2016-05-26","26.270834","50.63361","1.82","BAHRAIN INTERNATIONAL, BA","  86.7","24","  62.1","24","1005.8"," 8","999.9"," 0","  7.5"," 8"," 14.6","24"," 20.0","999.9","  93.0"," ","  80.6"," "," 0.00","I","999.9","000000"
"41150099999","2016-05-27","26.270834","50.63361","1.82","BAHRAIN INTERNATIONAL, BA","  90.5","24","  53.4","24","1006.4"," 8","999.9"," 0","  7.9"," 8","  6.9","24"," 12.0","999.9","  95.5"," ","  82.4","*"," 0.00","I","999.9","000000"
"41150099999","2016-05-28","26.270834","50.63361","1.82","BAHRAIN INTERNATIONAL, BA","  92.6","24","  64.2","24","1004.5"," 8","999.9"," 0","  5.9","15","  4.7","24","  9.9","999.9"," 105.1"," ","  84.0"," "," 0.00","I","999.9","000000"
"41150099999","2016-05-29","26.270834","50.63361","1.82","BAHRAIN INTERNATIONAL, BA","  92.4","24","  65.8","24","1004.1"," 8","999.9"," 0","  5.0","18","  8.4","24"," 13.0","999.9","  97.7"," ","  87.6"," "," 0.00","I","999.9","000000"
"41150099999","2016-05-30","26.270834","50.63361","1.82","BAHRAIN INTERNATIONAL, BA","  93.3","24","  64.7","24","1003.2"," 8","999.9"," 0","  5.5","16","  8.9","24"," 13.0","999.9"," 104.4"," ","  86.0","*"," 0.00","I","999.9","000000"
"41150099999","2016-05-31","26.270834","50.63361","1.82","BAHRAIN INTERNATIONAL, BA","  89.0","24","  63.1","24","1006.4"," 8","999.9"," 0","  6.5","12"," 16.4","24"," 22.0"," 29.9","  93.4"," ","  85.5","*"," 0.00","I","999.9","000000"
"41150099999","2016-06-01","26.270834","50.63361","1.82","BAHRAIN INTERNATIONAL, BA","  89.8","24","  57.8","24","1007.2"," 8","999.9"," 0","  5.2","22"," 11.5","24"," 18.1","999.9","  95.4"," ","  83.8"," "," 0.00","I","999.9","000000"
"41150099999","2016-06-02","26.270834","50.63361","1.82","BAHRAIN INTERNATIONAL, BA","  92.6","24","  54.6","24","1005.2"," 8","999.9"," 0","  5.6","16","  8.5","24"," 15.9","999.9"," 100.6"," ","  85.6"," "," 0.00","I","999.9","000000"
"41150099999","2016-06-03","26.270834","50.63361","1.82","BAHRAIN INTERNATIONAL, BA","  94.1","24","  53.7","24","1004.3"," 5","999.9"," 0","  5.8","16","  6.5","24"," 11.1","999.9"," 104.0","*","  84.2","*"," 0.00","I","999.9","000000"
"41150099999","2016-06-04","26.270834","50.63361","1.82","BAHRAIN INTERNATIONAL, BA","  91.9","24","  62.8","24","9999.9"," 0","999.9"," 0","  4.9","18","  7.6","24"," 12.0","999.9"," 100.4","*","  86.0","*"," 0.00","I","999.9","000000"
"41150099999","2016-06-05","26.270834","50.63361","1.82","BAHRAIN INTERNATIONAL, BA","  91.7","23","  61.7","23","9999.9"," 0","999.9"," 0","  5.2","19","  5.3","23"," 12.0","999.9"," 102.2","*","  84.2","*"," 0.00","I","999.9","000000"
"41150099999","2016-06-06","26.270834","50.63361","1.82","BAHRAIN INTERNATIONAL, BA","  92.8","24","  65.7","23","9999.9"," 0","999.9"," 0","  5.0","17","  5.7","24"," 11.1","999.9"," 104.0","*","  84.2","*"," 0.00","I","999.9","000000"
"41150099999","2016-06-07","26.270834","50.63361","1.82","BAHRAIN INTERNATIONAL, BA","  94.3","24","  63.4","24","9999.9"," 0","999.9"," 0","  5.0","17","  6.5","24"," 13.0","999.9"," 105.8","*","  86.0","*"," 0.00","I","999.9","000000"
"41150099999","2016-06-08","26.270834","50.63361","1.82","BAHRAIN INTERNATIONAL, BA","  94.8","24","  66.9","24","9999.9"," 0","999.9"," 0","  5.1","18"," 14.3","24"," 21.0"," 28.0"," 100.4","*","  89.6","*"," 0.00","I","999.9","000000"
"41150099999","2016-06-09","26.270834","50.63361","1.82","BAHRAIN INTERNATIONAL, BA","  93.5","24","  67.3","24","9999.9"," 0","999.9"," 0","  5.5","10"," 15.8","24"," 21.0","999.9","  96.8","*","  89.6","*"," 0.00","I","999.9","000000"
"41150099999","2016-06-10","26.270834","50.63361","1.82","BAHRAIN INTERNATIONAL, BA","  94.2","24","  69.3","24","9999.9"," 0","999.9"," 0","  5.3","10"," 11.0","24"," 19.0","999.9"," 104.0","*","  87.8","*"," 0.00","I","999.9","000000"
"41150099999","2016-06-11","26.270834","50.63361","1.82","BAHRAIN INTERNATIONAL, BA","  95.0","24","  69.7","24","9999.9"," 0","999.9"," 0","  5.1","13"," 13.6","24"," 21.0"," 25.1"," 102.2","*","  87.8","*"," 0.00","I","999.9","000000"
"41150099999","2016-06-12","26.270834","50.63361","1.82","BAHRAIN INTERNATIONAL, BA","  93.1","24","  64.7","24","9999.9"," 0","999.9"," 0","999.9"," 0"," 14.5","24"," 22.0"," 24.1","  98.6","*","  89.6","*"," 0.00","I","999.9","000000"
"41150099999","2016-06-13","26.270834","50.63361","1.82","BAHRAIN INTERNATIONAL, BA","  91.5","24","  62.2","24","9999.9"," 0","999.9"," 0","  5.2","18"," 16.3","24"," 22.0","999.9","  95.0","*","  87.8","*"," 0.00","I","999.9","000000"
"41150099999","2016-06-14","26.270834","50.63361","1.82","BAHRAIN INTERNATIONAL, BA","  92.1","24","  58.8","24","9999.9"," 0","999.9"," 0","  5.0"," 5"," 14.7","24"," 22.0","999.9","  96.8","*","  87.8","*"," 0.00","I","999.9","000000"
"41150099999","2016-06-15","26.270834","50.63361","1.82","BAHRAIN INTERNATIONAL, BA","  91.2","24","  65.2","24","9999.9"," 0","999.9"," 0","  5.0"," 5"," 12.2","24"," 22.9","999.9","  98.6","*","  86.0","*"," 0.00","I","999.9","000000"
"41150099999","2016-06-16","26.270834","50.63361","1.82","BAHRAIN INTERNATIONAL, BA","  92.2","24","  67.0","24","9999.9"," 0","999.9"," 0","999.9"," 0","  7.4","24"," 15.0","999.9"," 104.0","*","  86.0","*"," 0.00","I","999.9","000000"
"41150099999","2016-06-17","26.270834","50.63361","1.82","BAHRAIN INTERNATIONAL, BA","  92.0","24","  68.0","24","9999.9"," 0","999.9"," 0","  2.8","24"," 10.9","24"," 15.9","999.9","  98.6","*","  84.2","*"," 0.00","I","999.9","000000"
"41150099999","2016-06-18","26.270834","50.63361","1.82","BAHRAIN INTERNATIONAL, BA","  92.0","24","  66.0","24","9999.9"," 0","999.9"," 0","  1.5","24"," 10.2","24"," 15.9","999.9","  98.6","*","  87.8","*"," 0.00","I","999.9","000000"
"41150099999","2016-06-19","26.270834","50.63361","1.82","BAHRAIN INTERNATIONAL, BA","  93.0","24","  70.0","24","9999.9"," 0","999.9"," 0","  4.3","21"," 13.2","24"," 19.0","999.9"," 100.4","*","  86.0","*"," 0.00","I","999.9","000000"
"41150099999","2016-06-20","26.270834","50.63361","1.82","BAHRAIN INTERNATIONAL, BA","  94.8","23","  69.9","23","9999.9"," 0","999.9"," 0","  5.1","19"," 15.2","23"," 19.0","999.9"," 100.4","*","  89.6","*"," 0.00","I","999.9","000000"
"41150099999","2016-06-21","26.270834","50.63361","1.82","BAHRAIN INTERNATIONAL, BA","  95.2","24","  67.2","24","9999.9"," 0","999.9"," 0","  5.3","12"," 12.4","24"," 19.0","999.9"," 102.2","*","  91.4","*"," 0.00","I","999.9","000000"
"41150099999","2016-06-22","26.270834","50.63361","1.82","BAHRAIN INTERNATIONAL, BA","  95.6","24","  66.7","24","9999.9"," 0","999.9"," 0","  4.6"," 7","  9.7","24"," 15.9","999.9"," 102.2","*","  91.4","*"," 0.00","I","999.9","000000"
"41150099999","2016-06-23","26.270834","50.63361","1.82","BAHRAIN INTERNATIONAL, BA","  95.3","24","  67.8","24","9999.9"," 0","999.9"," 0","  5.4"," 6","  6.2","24"," 11.1","999.9"," 102.2","*","  87.8","*"," 0.00","I","999.9","000000"
"41150099999","2016-06-24","26.270834","50.63361","1.82","BAHRAIN INTERNATIONAL, BA","  97.1","24","  64.6","24","9999.9"," 0","999.9"," 0","999.9"," 0","  6.1","24"," 12.0","999.9"," 109.4","*","  89.6","*"," 0.00","I","999.9","000000"
"41150099999","2016-06-25","26.270834","50.63361","1.82","BAHRAIN INTERNATIONAL, BA","  96.0","24","  70.2","24","9999.9"," 0","999.9"," 0","999.9"," 0","  6.4","24","  9.9","999.9"," 105.8","*","  91.4","*"," 0.00","I","999.9","000000"
"41150099999","2016-06-26","26.270834","50.63361","1.82","BAHRAIN INTERNATIONAL, BA","  97.9","24","  67.8","22","9999.9"," 0","999.9"," 0","  4.6"," 9","  5.2","24","  8.9","999.9"," 111.2","*","  89.6","*"," 0.00","I","999.9","000000"
"41150099999","2016-06-27","26.270834","50.63361","1.82","BAHRAIN INTERNATIONAL, BA","  98.6","23","  68.0","22","9999.9"," 0","999.9"," 0","  5.6"," 8","  8.7","23"," 15.0","999.9"," 105.8","*","  91.4","*"," 0.00","I","999.9","000000"
"41150099999","2016-06-28","26.270834","50.63361","1.82","BAHRAIN INTERNATIONAL, BA","  99.1","23","  64.6","23","9999.9"," 0","999.9"," 0","  4.7","18","  9.2","23"," 17.1","999.9"," 109.4","*","  89.6","*"," 0.00","I","999.9","000000"
"41150099999","2016-06-29","26.270834","50.63361","1.82","BAHRAIN INTERNATIONAL, BA","  95.6","24","  73.6","22","9999.9"," 0","999.9"," 0","  4.3","24","  4.7","24"," 11.1","999.9"," 104.0","*","  87.8","*"," 0.00","I","999.9","000000"
"41150099999","2016-06-30","26.270834","50.63361","1.82","BAHRAIN INTERNATIONAL, BA","  97.0","24","  74.4","24","9999.9"," 0","999.9"," 0","  4.6","12","  6.3","24"," 15.0","999.9"," 105.8","*","  87.8","*"," 0.00","I","999.9","000000"
"41150099999","2016-07-01","26.270834","50.63361","1.82","BAHRAIN INTERNATIONAL, BA","  99.3","24","  71.2","24","9999.9"," 0","999.9"," 0","  4.3","19"," 13.7","24"," 19.0","999.9"," 104.0","*","  95.0","*"," 0.00","I","999.9","000000"
"41150099999","2016-07-02","26.270834","50.63361","1.82","BAHRAIN INTERNATIONAL, BA","  97.1","24","  69.8","24","9999.9"," 0","999.9"," 0","  4.3","17"," 18.0","24"," 24.1","999.9"," 100.4","*","  93.2","*"," 0.00","I","999.9","000000"
"41150099999","2016-07-03","26.270834","50.63361","1.82","BAHRAIN INTERNATIONAL, BA","  96.5","24","  70.1","24","9999.9"," 0","999.9"," 0","  4.5","17"," 14.3","24"," 22.0","999.9"," 102.2","*","  93.2","*"," 0.00","I","999.9","000000"
"41150099999","2016-07-04","26.270834","50.63361","1.82","BAHRAIN INTERNATIONAL, BA","  97.8","24","  65.8","24","9999.9"," 0","999.9"," 0","  4.2","19","  8.7","24"," 15.0","999.9"," 102.2","*","  93.2","*"," 0.00","I","999.9","000000"
"41150099999","2016-07-05","26.270834","50.63361","1.82","BAHRAIN INTERNATIONAL, BA","  98.2","24","  64.4","24","9999.9"," 0","999.9"," 0","  3.5","24","  7.0","24"," 14.0","999.9"," 105.8","*","  93.2","*"," 0.00","I","999.9","000000"
"41150099999","2016-07-06","26.270834","50.63361","1.82","BAHRAIN INTERNATIONAL, BA","  97.9","24","  63.1","24","9999.9"," 0","999.9"," 0","999.9"," 0","  6.8","24","  9.9","999.9"," 107.6","*","  91.4","*"," 0.00","I","999.9","000000"
"41150099999","2016-07-07","26.270834","50.63361","1.82","BAHRAIN INTERNATIONAL, BA","  99.1","23","  64.5","23","9999.9"," 0","999.9"," 0","  5.3"," 5","  9.7","23"," 15.9","999.9"," 105.8","*","  93.2","*"," 0.00","I","999.9","000000"
"41150099999","2016-07-08","26.270834","50.63361","1.82","BAHRAIN INTERNATIONAL, BA"," 100.1","24","  67.1","24","9999.9"," 0","999.9"," 0","999.9"," 0"," 11.3","24"," 19.0","999.9"," 105.8","*","  93.2","*"," 0.00","I","999.9","000000"
"41150099999","2016-07-09","26.270834","50.63361","1.82","BAHRAIN INTERNATIONAL, BA"," 100.2","24","  66.0","24","9999.9"," 0","999.9"," 0","999.9"," 0"," 12.8","24"," 19.0","999.9"," 104.0","*","  95.0","*"," 0.00","I","999.9","000000"
"41150099999","2016-07-10","26.270834","50.63361","1.82","BAHRAIN INTERNATIONAL, BA","  99.2","24","  68.6","24","9999.9"," 0","999.9"," 0","  4.2"," 4"," 15.6","24"," 21.0","999.9"," 104.0","*","  93.2","*"," 0.00","I","999.9","000000"
"41150099999","2016-07-11","26.270834","50.63361","1.82","BAHRAIN INTERNATIONAL, BA","  97.8","24","  68.8","24","9999.9"," 0","999.9"," 0","999.9"," 0"," 13.7","24"," 21.0","999.9"," 102.2","*","  95.0","*"," 0.00","I","999.9","000000"
"41150099999","2016-07-12","26.270834","50.63361","1.82","BAHRAIN INTERNATIONAL, BA","  97.0","24","  65.6","24","9999.9"," 0","999.9"," 0","  2.9","20"," 13.0","24"," 20.0","999.9"," 102.2","*","  91.4","*"," 0.00","I","999.9","000000"
"41150099999","2016-07-13","26.270834","50.63361","1.82","BAHRAIN INTERNATIONAL, BA","  95.4","24","  68.8","24","9999.9"," 0","999.9"," 0","  5.2","16"," 12.2","24"," 19.0","999.9"," 100.4","*","  91.4","*"," 0.00","I","999.9","000000"
"41150099999","2016-07-14","26.270834","50.63361","1.82","BAHRAIN INTERNATIONAL, BA","  96.3","24","  68.8","24","9999.9"," 0","999.9"," 0","  5.3"," 6","  7.6","24"," 13.0","999.9"," 104.0","*","  89.6","*"," 0.00","I","999.9","000000"
"41150099999","2016-07-15","26.270834","50.63361","1.82","BAHRAIN INTERNATIONAL, BA","  97.3","24","  70.2","24","9999.9"," 0","999.9"," 0","  4.8","11","  7.1","24"," 12.0","999.9"," 105.8","*","  91.4","*"," 0.00","I","999.9","000000"
"41150099999","2016-07-16","26.270834","50.63361","1.82","BAHRAIN INTERNATIONAL, BA","  97.4","24","  72.9","24","9999.9"," 0","999.9"," 0","  5.2","13"," 10.4","24"," 18.1","999.9"," 104.0","*","  93.2","*"," 0.00","I","999.9","000000"
"41150099999","2016-07-17","26.270834","50.63361","1.82","BAHRAIN INTERNATIONAL, BA","  95.0","24","  77.9","24","9999.9"," 0","999.9"," 0","  3.4","24","  8.6","24"," 15.9","999.9"," 100.4","*","  89.6","*"," 0.00","I","999.9","000000"
"41150099999","2016-07-18","26.270834","50.63361","1.82","BAHRAIN INTERNATIONAL, BA","  93.9","24","  83.7","24","9999.9"," 0","999.9"," 0","  3.8","24","  6.5","24"," 12.0","999.9"," 105.8","*","  87.8","*"," 0.00","I","999.9","000000"
"41150099999","2016-07-19","26.270834","50.63361","1.82","BAHRAIN INTERNATIONAL, BA","  96.2","24","  84.8","24","9999.9"," 0","999.9"," 0","  3.0","24","  6.9","24"," 12.0","999.9"," 102.2","*","  91.4","*"," 0.00","I","999.9","000000"
"41150099999","2016-07-20","26.270834","50.63361","1.82","BAHRAIN INTERNATIONAL, BA","  97.6","24","  81.5","24","9999.9"," 0","999.9"," 0","  3.3","24","  6.5","24"," 12.0","999.9"," 107.6","*","  93.2","*"," 0.00","I","999.9","000000"
"41150099999","2016-07-21","26.270834","50.63361","1.82","BAHRAIN INTERNATIONAL, BA","  97.3","24","  80.1","24","9999.9"," 0","999.9"," 0","  3.8","24","  6.5","24"," 13.0","999.9"," 104.0","*","  93.2","*"," 0.00","I","999.9","000000"
"41150099999","2016-07-22","26.270834","50.63361","1.82","BAHRAIN INTERNATIONAL, BA","  97.9","24","  80.1","24","9999.9"," 0","999.9"," 0","  3.8","24","  4.9","24","  8.9","999.9"," 107.6","*","  93.2","*"," 0.00","I","999.9","000000"
"41150099999","2016-07-23","26.270834","50.63361","1.82","BAHRAIN INTERNATIONAL, BA","  98.8","24","  77.2","24","9999.9"," 0","999.9"," 0","  3.9","15"," 11.5","24"," 20.0","999.9"," 102.2","*","  95.0","*"," 0.00","I","999.9","000000"
"41150099999","2016-07-24","26.270834","50.63361","1.82","BAHRAIN INTERNATIONAL, BA","  95.4","24","  78.0","24","9999.9"," 0","999.9"," 0","  1.9","24","  9.1","24"," 12.0","999.9"," 100.4","*","  91.4","*"," 0.00","I","999.9","000000"
"41150099999","2016-07-25","26.270834","50.63361","1.82","BAHRAIN INTERNATIONAL, BA","  94.5","24","  85.4","24","9999.9"," 0","999.9"," 0","  3.0","24","  7.3","24"," 11.1","999.9","  98.6","*","  89.6","*"," 0.00","I","999.9","000000"
"41150099999","2016-07-26","26.270834","50.63361","1.82","BAHRAIN INTERNATIONAL, BA","  95.0","24","  85.8","24","9999.9"," 0","999.9"," 0","  4.0","24","  6.4","24"," 12.0","999.9","  98.6","*","  91.4","*"," 0.00","I","999.9","000000"
"41150099999","2016-07-27","26.270834","50.63361","1.82","BAHRAIN INTERNATIONAL, BA","  93.9","24","  84.0","24","9999.9"," 0","999.9"," 0","  4.1","24","  6.5","24","  9.9","999.9"," 100.4","*","  89.6","*"," 0.00","I","999.9","000000"
"41150099999","2016-07-28","26.270834","50.63361","1.82","BAHRAIN INTERNATIONAL, BA","  94.6","24","  83.4","24","9999.9"," 0","999.9"," 0","  4.4","24","  8.3","24"," 15.0","999.9","  98.6","*","  91.4","*"," 0.00","I","999.9","000000"
"41150099999","2016-07-29","26.270834","50.63361","1.82","BAHRAIN INTERNATIONAL, BA","  95.2","24","  82.7","24","9999.9"," 0","999.9"," 0","  5.3","17","  8.2","24"," 12.0","999.9"," 100.4","*","  93.2","*"," 0.00","I","999.9","000000"
"41150099999","2016-07-30","26.270834","50.63361","1.82","BAHRAIN INTERNATIONAL, BA","  96.9","24","  79.4","24","9999.9"," 0","999.9"," 0","  5.1"," 9","  5.9","24"," 11.1","999.9"," 102.2","*","  93.2","*"," 0.00","I","999.9","000000"
"41150099999","2016-07-31","26.270834","50.63361","1.82","BAHRAIN INTERNATIONAL, BA","  96.7","24","  79.3","24","9999.9"," 0","999.9"," 0","  4.7","20","  5.8","24","  8.9","999.9"," 102.2","*","  93.2","*"," 0.00","I","999.9","000000"
"41150099999","2016-08-01","26.270834","50.63361","1.82","BAHRAIN INTERNATIONAL, BA","  97.6","24","  80.0","23","9999.9"," 0","999.9"," 0","  4.5","24","  4.2","24","  8.9","999.9"," 105.8","*","  91.4","*"," 0.00","I","999.9","000000"
"41150099999","2016-08-02","26.270834","50.63361","1.82","BAHRAIN INTERNATIONAL, BA"," 101.0","24","  69.9","23","9999.9"," 0","999.9"," 0","  4.7"," 5","  5.6","24"," 14.0","999.9"," 111.2","*","  95.0","*"," 0.00","I","999.9","000000"
"41150099999","2016-08-03","26.270834","50.63361","1.82","BAHRAIN INTERNATIONAL, BA","  99.9","24","  71.8","24","9999.9"," 0","999.9"," 0","  4.3"," 8","  9.1","24"," 13.0","999.9"," 111.2","*","  91.4","*"," 0.00","I","999.9","000000"
"41150099999","2016-08-04","26.270834","50.63361","1.82","BAHRAIN INTERNATIONAL, BA","  95.6","24","  82.4","24","9999.9"," 0","999.9"," 0","  3.1","24","  7.6","24"," 11.1","999.9"," 102.2","*","  91.4","*"," 0.00","I","999.9","000000"
"41150099999","2016-08-05","26.270834","50.63361","1.82","BAHRAIN INTERNATIONAL, BA","  95.7","24","  80.0","24","9999.9"," 0","999.9"," 0","  0.7","24","  5.4","24","  8.0","999.9"," 102.2","*","  91.4","*"," 0.00","I","999.9","000000"
"41150099999","2016-08-06","26.270834","50.63361","1.82","BAHRAIN INTERNATIONAL, BA","  96.7","24","  77.2","24","9999.9"," 0","999.9"," 0","  2.4","24","  4.7","24","  8.9","999.9"," 104.0","*","  91.4","*"," 0.00","I","999.9","000000"
"41150099999","2016-08-07","26.270834","50.63361","1.82","BAHRAIN INTERNATIONAL, BA","  99.0","24","  76.6","23","9999.9"," 0","999.9"," 0","  4.2","24","  4.9","24","  9.9","999.9"," 105.8","*","  93.2","*"," 0.00","I","999.9","000000"
"41150099999","2016-08-08","26.270834","50.63361","1.82","BAHRAIN INTERNATIONAL, BA","  96.7","24","  83.6","23","9999.9"," 0","999.9"," 0","  3.8","24","  5.3","24"," 11.1","999.9"," 105.8","*","  91.4","*"," 0.00","I","999.9","000000"
"41150099999","2016-08-09","26.270834","50.63361","1.82","BAHRAIN INTERNATIONAL, BA","  97.4","24","  79.5","24","9999.9"," 0","999.9"," 0","  4.8"," 4","  7.3","24"," 12.0","999.9"," 104.0","*","  91.4","*"," 0.00","I","999.9","000000"
"41150099999","2016-08-10","26.270834","50.63361","1.82","BAHRAIN INTERNATIONAL, BA"," 100.2","24","  69.6","24","9999.9"," 0","999.9"," 0","999.9"," 0","  7.0","24"," 13.0","999.9"," 107.6","*","  93.2","*"," 0.00","I","999.9","000000"
"41150099999","2016-08-11","26.270834","50.63361","1.82","BAHRAIN INTERNATIONAL, BA","  97.2","24","  78.7","24","9999.9"," 0","999.9"," 0","999.9"," 0","  7.8","24"," 12.0","999.9"," 102.2","*","  93.2","*"," 0.00","I","999.9","000000"
"41150099999","2016-08-12","26.270834","50.63361","1.82","BAHRAIN INTERNATIONAL, BA","  96.5","24","  83.8","24","9999.9"," 0","999.9"," 0","  3.8","23","  7.1","24"," 11.1","999.9"," 104.0","*","  93.2","*"," 0.00","I","999.9","000000"
"41150099999","2016-08-13","26.270834","50.63361","1.82","BAHRAIN INTERNATIONAL, BA","  96.8","24","  82.3","24","9999.9"," 0","999.9"," 0","  4.0","20","  4.9","24","  8.0","999.9"," 105.8","*","  91.4","*"," 0.00","I","999.9","000000"
"41150099999","2016-08-14","26.270834","50.63361","1.82","BAHRAIN INTERNATIONAL, BA","  99.7","24","  72.7","24","9999.9"," 0","999.9"," 0","  3.8","11","  4.7","24","  8.9","999.9"," 111.2","*","  89.6","*"," 0.00","I","999.9","000000"
"41150099999","2016-08-15","26.270834","50.63361","1.82","BAHRAIN INTERNATIONAL, BA"," 100.9","24","  72.1","23","9999.9"," 0","999.9"," 0","  5.3"," 6","  5.3","24"," 14.0","999.9"," 113.0","*","  93.2","*"," 0.00","I","999.9","000000"
"41150099999","2016-08-16","26.270834","50.63361","1.82","BAHRAIN INTERNATIONAL, BA","  99.3","24","  75.7","24","9999.9"," 0","999.9"," 0","999.9"," 0"," 10.1","24"," 18.1","999.9"," 105.8","*","  95.0","*"," 0.00","I","999.9","000000"
"41150099999","2016-08-17","26.270834","50.63361","1.82","BAHRAIN INTERNATIONAL, BA","  99.4","24","  75.1","24","9999.9"," 0","999.9"," 0","  4.1","14"," 11.2","24"," 19.0","999.9"," 104.0","*","  95.0","*"," 0.00","I","999.9","000000"
"41150099999","2016-08-18","26.270834","50.63361","1.82","BAHRAIN INTERNATIONAL, BA","  96.4","24","  80.5","24","9999.9"," 0","999.9"," 0","  4.7"," 5","  7.7","24"," 12.0","999.9"," 102.2","*","  91.4","*"," 0.00","I","999.9","000000"
"41150099999","2016-08-19","26.270834","50.63361","1.82","BAHRAIN INTERNATIONAL, BA","  95.4","24","  82.3","24","9999.9"," 0","999.9"," 0","  4.7","19","  5.1","24","  8.9","999.9"," 104.0","*","  91.4","*"," 0.00","I","999.9","000000"
"41150099999","2016-08-20","26.270834","50.63361","1.82","BAHRAIN INTERNATIONAL, BA","  96.3","23","  79.1","23","9999.9"," 0","999.9"," 0","999.9"," 0","  6.8","23"," 14.0","999.9"," 104.0","*","  91.4","*"," 0.00","I","999.9","000000"
"41150099999","2016-08-21","26.270834","50.63361","1.82","BAHRAIN INTERNATIONAL, BA","  96.6","24","  79.5","24","9999.9"," 0","999.9"," 0","999.9"," 0","  8.1","24"," 13.0","999.9"," 104.0","*","  91.4","*"," 0.00","I","999.9","000000"
"41150099999","2016-08-22","26.270834","50.63361","1.82","BAHRAIN INTERNATIONAL, BA","  95.8","24","  84.3","24","9999.9"," 0","999.9"," 0","  4.6","21","  7.4","24"," 15.0","999.9"," 102.2","*","  91.4","*"," 0.00","I","999.9","000000"
"41150099999","2016-08-23","26.270834","50.63361","1.82","BAHRAIN INTERNATIONAL, BA","  97.4","24","  79.9","24","9999.9"," 0","999.9"," 0","  4.6","19","  7.5","24"," 15.0"," 28.0"," 102.2","*","  91.4","*"," 0.00","I","999.9","000000"
"41150099999","2016-08-24","26.270834","50.63361","1.82","BAHRAIN INTERNATIONAL, BA","  96.4","24","  83.0","24","9999.9"," 0","999.9"," 0","  4.3","24","  5.7","24","  9.9","999.9"," 102.2","*","  93.2","*"," 0.00","I","999.9","000000"
"41150099999","2016-08-25","26.270834","50.63361","1.82","BAHRAIN INTERNATIONAL, BA","  96.8","24","  81.1","23","9999.9"," 0","999.9"," 0","  4.6","22","  6.5","24"," 11.1","999.9"," 104.0","*","  91.4","*"," 0.00","I","999.9","000000"
"41150099999","2016-08-26","26.270834","50.63361","1.82","BAHRAIN INTERNATIONAL, BA","  97.5","24","  79.3","24","9999.9"," 0","999.9"," 0","  5.0","11","  4.8","24","  9.9","999.9"," 105.8","*","  91.4","*"," 0.00","I","999.9","000000"
"41150099999","2016-08-27","26.270834","50.63361","1.82","BAHRAIN INTERNATIONAL, BA","  96.9","24","  77.0","24","9999.9"," 0","999.9"," 0","  4.3","10","  4.7","24","  8.9","999.9"," 104.0","*","  91.4","*"," 0.00","I","999.9","000000"
"41150099999","2016-08-28","26.270834","50.63361","1.82","BAHRAIN INTERNATIONAL, BA","  95.7","24","  80.1","24","9999.9"," 0","999.9"," 0","  3.9","20","  5.9","24"," 11.1","999.9"," 102.2","*","  91.4","*"," 0.00","I","999.9","000000"
"41150099999","2016-08-29","26.270834","50.63361","1.82","BAHRAIN INTERNATIONAL, BA","  96.6","24","  79.7","24","9999.9"," 0","999.9"," 0","  3.5","24","  5.8","24","  8.0","999.9"," 104.0","*","  91.4","*"," 0.00","I","999.9","000000"
"41150099999","2016-08-30","26.270834","50.63361","1.82","BAHRAIN INTERNATIONAL, BA","  97.3","24","  76.9","24","9999.9"," 0","999.9"," 0","  4.2","24","  5.3","24"," 12.0","999.9"," 104.0","*","  91.4","*"," 0.00","I","999.9","000000"
"41150099999","2016-08-31","26.270834","50.63361","1.82","BAHRAIN INTERNATIONAL, BA","  98.8","24","  75.9","24","9999.9"," 0","999.9"," 0","  5.0","17","  5.2","24","  8.9","999.9"," 107.6","*","  91.4","*"," 0.00","I","999.9","000000"
"41150099999","2016-09-01","26.270834","50.63361","1.82","BAHRAIN INTERNATIONAL, BA","  99.7","24","  76.5","24","9999.9"," 0","999.9"," 0","  4.9"," 8","  6.0","24","  8.9","999.9"," 105.8","*","  93.2","*"," 0.00","I","999.9","000000"
"41150099999","2016-09-02","26.270834","50.63361","1.82","BAHRAIN INTERNATIONAL, BA","  98.8","24","  78.9","23","9999.9"," 0","999.9"," 0","  2.6"," 8","  7.2","24"," 11.1","999.9"," 113.0","*","  93.2","*"," 0.00","I","999.9","000000"
"41150099999","2016-09-03","26.270834","50.63361","1.82","BAHRAIN INTERNATIONAL, BA","  94.7","24","  82.8","24","9999.9"," 0","999.9"," 0","  2.7","24","  5.0","24","  7.0","999.9","  98.6","*","  91.4","*"," 0.00","I","999.9","000000"
"41150099999","2016-09-04","26.270834","50.63361","1.82","BAHRAIN INTERNATIONAL, BA","  96.4","24","  81.3","24","9999.9"," 0","999.9"," 0","  4.2","14","  5.3","24","  9.9","999.9"," 104.0","*","  91.4","*"," 0.00","I","999.9","000000"
"41150099999","2016-09-05","26.270834","50.63361","1.82","BAHRAIN INTERNATIONAL, BA","  97.3","24","  81.6","24","9999.9"," 0","999.9"," 0","  3.9","23","  9.8","24"," 13.0","999.9"," 100.4","*","  93.2","*"," 0.00","I","999.9","000000"
"41150099999","2016-09-06","26.270834","50.63361","1.82","BAHRAIN INTERNATIONAL, BA","  97.8","24","  75.7","24","9999.9"," 0","999.9"," 0","  4.1","13"," 15.7","24"," 22.9","999.9"," 100.4","*","  95.0","*"," 0.00","I","999.9","000000"
"41150099999","2016-09-07","26.270834","50.63361","1.82","BAHRAIN INTERNATIONAL, BA","  96.4","23","  72.5","23","9999.9"," 0","999.9"," 0","999.9"," 0"," 14.2","23"," 22.0","999.9"," 102.2","*","  91.4","*"," 0.00","I","999.9","000000"
"41150099999","2016-09-08","26.270834","50.63361","1.82","BAHRAIN INTERNATIONAL, BA","  93.7","24","  71.8","24","9999.9"," 0","999.9"," 0","  3.5","17","  9.2","24"," 14.0","999.9","  98.6","*","  89.6","*"," 0.00","I","999.9","000000"
"41150099999","2016-09-09","26.270834","50.63361","1.82","BAHRAIN INTERNATIONAL, BA","  92.9","24","  73.0","24","9999.9"," 0","999.9"," 0","  4.3","18","  5.5","24","  8.9","999.9","  98.6","*","  89.6","*"," 0.00","I","999.9","000000"
"41150099999","2016-09-10","26.270834","50.63361","1.82","BAHRAIN INTERNATIONAL, BA","  91.5","24","  70.1","24","9999.9"," 0","999.9"," 0","  5.3","18","  4.9","24"," 11.1","999.9","  96.8","*","  86.0","*"," 0.00","I","999.9","000000"
"41150099999","2016-09-11","26.270834","50.63361","1.82","BAHRAIN INTERNATIONAL, BA","  91.4","24","  70.5","23","9999.9"," 0","999.9"," 0","999.9"," 0","  4.7","24","  9.9","999.9","  96.8","*","  82.4","*"," 0.00","I","999.9","000000"
"41150099999","2016-09-12","26.270834","50.63361","1.82","BAHRAIN INTERNATIONAL, BA","  93.1","24","  68.6","24","9999.9"," 0","999.9"," 0","  5.4"," 9","  5.8","24"," 11.1","999.9"," 100.4","*","  87.8","*"," 0.00","I","999.9","000000"
"41150099999","2016-09-13","26.270834","50.63361","1.82","BAHRAIN INTERNATIONAL, BA","  92.9","24","  72.1","24","9999.9"," 0","999.9"," 0","  4.4","16","  5.0","24","  8.9","999.9"," 100.4","*","  87.8","*"," 0.00","I","999.9","000000"
"41150099999","2016-09-14","26.270834","50.63361","1.82","BAHRAIN INTERNATIONAL, BA","  91.5","24","  80.7","24","9999.9"," 0","999.9"," 0","  3.7","24","  5.0","24","  8.9","999.9","  96.8","*","  87.8","*"," 0.00","I","999.9","000000"
"41150099999","2016-09-15","26.270834","50.63361","1.82","BAHRAIN INTERNATIONAL, BA","  93.0","24","  76.4","24","9999.9"," 0","999.9"," 0","  4.5","21","  5.0","24","  8.0","999.9","  98.6","*","  87.8","*"," 0.00","I","999.9","000000"
"41150099999","2016-09-16","26.270834","50.63361","1.82","BAHRAIN INTERNATIONAL, BA","  94.0","24","  72.0","24","9999.9"," 0","999.9"," 0","  4.6","13","  6.3","24"," 14.0","999.9"," 100.4","*","  87.8","*"," 0.00","I","999.9","000000"
"41150099999","2016-09-17","26.270834","50.63361","1.82","BAHRAIN INTERNATIONAL, BA","  93.6","24","  73.0","24","9999.9"," 0","999.9"," 0","  4.7","11","  5.1","24","  8.9","999.9"," 102.2","*","  89.6","*"," 0.00","I","999.9","000000"
"41150099999","2016-09-18","26.270834","50.63361","1.82","BAHRAIN INTERNATIONAL, BA","  94.0","24","  75.3","24","9999.9"," 0","999.9"," 0","  5.0","17","  8.8","24"," 17.1","999.9"," 102.2","*","  89.6","*"," 0.00","I","999.9","000000"
"41150099999","2016-09-19","26.270834","50.63361","1.82","BAHRAIN INTERNATIONAL, BA","  94.5","24","  74.4","24","9999.9"," 0","999.9"," 0","999.9"," 0"," 10.9","24"," 18.1","999.9"," 100.4","*","  89.6","*"," 0.00","I","999.9","000000"
"41150099999","2016-09-20","26.270834","50.63361","1.82","BAHRAIN INTERNATIONAL, BA","  92.1","24","  67.8","24","9999.9"," 0","999.9"," 0","999.9"," 0"," 12.8","24"," 18.1","999.9","  98.6","*","  87.8","*"," 0.00","I","999.9","000000"
"41150099999","2016-09-21","26.270834","50.63361","1.82","BAHRAIN INTERNATIONAL, BA","  91.9","24","  69.6","24","9999.9"," 0","999.9"," 0","999.9"," 0"," 12.6","24"," 20.0","999.9","  96.8","*","  86.0","*"," 0.00","I","999.9","000000"
"41150099999","2016-09-22","26.270834","50.63361","1.82","BAHRAIN INTERNATIONAL, BA","  90.8","24","  77.7","24","9999.9"," 0","999.9"," 0","999.9"," 0","  8.1","24"," 11.1","999.9","  96.8","*","  86.0","*"," 0.00","I","999.9","000000"
"41150099999","2016-09-23","26.270834","50.63361","1.82","BAHRAIN INTERNATIONAL, BA","  90.7","24","  75.4","24","9999.9"," 0","999.9"," 0","  4.2"," 4"," 10.2","24"," 15.9","999.9","  95.0","*","  86.0","*"," 0.00","I","999.9","000000"
"41150099999","2016-09-24","26.270834","50.63361","1.82","BAHRAIN INTERNATIONAL, BA","  92.2","24","  72.0","24","9999.9"," 0","999.9"," 0","999.9"," 0"," 12.4","24"," 19.0","999.9","  98.6","*","  89.6","*"," 0.00","I","999.9","000000"
"41150099999","2016-09-25","26.270834","50.63361","1.82","BAHRAIN INTERNATIONAL, BA","  90.6","24","  70.3","24","9999.9"," 0","999.9"," 0","999.9"," 0"," 13.3","24"," 20.0","999.9","  95.0","*","  86.0","*"," 0.00","I","999.9","000000"
"41150099999","2016-09-26","26.270834","50.63361","1.82","BAHRAIN INTERNATIONAL, BA","  89.3","24","  72.6","24","9999.9"," 0","999.9"," 0","  5.3","14","  9.5","24"," 17.1","999.9","  95.0","*","  86.0","*"," 0.00","I","999.9","000000"
"41150099999","2016-09-27","26.270834","50.63361","1.82","BAHRAIN INTERNATIONAL, BA","  87.8","24","  77.7","24","9999.9"," 0","999.9"," 0","  5.0","11","  4.3","24","  8.9","999.9","  93.2","*","  82.4","*"," 0.00","I","999.9","000000"
"41150099999","2016-09-28","26.270834","50.63361","1.82","BAHRAIN INTERNATIONAL, BA","  90.3","24","  75.1","24","9999.9"," 0","999.9"," 0","  3.8"," 9","  7.5","24"," 12.0","999.9","  98.6","*","  84.2","*"," 0.00","I","999.9","000000"
"41150099999","2016-09-29","26.270834","50.63361","1.82","BAHRAIN INTERNATIONAL, BA","  91.3","23","  70.4","23","9999.9"," 0","999.9"," 0","  5.3"," 4"," 13.9","23"," 20.0","999.9","  96.8","*","  87.8","*"," 0.00","I","999.9","000000"
"41150099999","2016-09-30","26.270834","50.63361","1.82","BAHRAIN INTERNATIONAL, BA","  87.9","24","  61.2","24","9999.9"," 0","999.9"," 0","  2.8","15"," 17.8","24"," 22.0","999.9","  91.4","*","  82.4","*"," 0.00","I","999.9","000000"
"41150099999","2016-10-01","26.270834","50.63361","1.82","BAHRAIN INTERNATIONAL, BA","  86.2","24","  61.7","24","9999.9"," 0","999.9"," 0","  3.6","19"," 12.3","24"," 15.9","999.9","  91.4","*","  82.4","*"," 0.00","I","999.9","000000"
"41150099999","2016-10-02","26.270834","50.63361","1.82","BAHRAIN INTERNATIONAL, BA","  85.3","24","  61.2","24","9999.9"," 0","999.9"," 0","  3.1","24","  5.7","24","  9.9","999.9","  91.4","*","  80.6","*"," 0.00","I","999.9","000000"
"41150099999","2016-10-03","26.270834","50.63361","1.82","BAHRAIN INTERNATIONAL, BA","  85.4","24","  63.1","24","9999.9"," 0","999.9"," 0","  3.7","24","  7.7","24"," 13.0","999.9","  91.4","*","  80.6","*"," 0.00","I","999.9","000000"
"41150099999","2016-10-04","26.270834","50.63361","1.82","BAHRAIN INTERNATIONAL, BA","  85.7","24","  63.5","24","9999.9"," 0","999.9"," 0","  3.8","24","  7.6","24"," 14.0","999.9","  91.4","*","  80.6","*"," 0.00","I","999.9","000000"
"41150099999","2016-10-05","26.270834","50.63361","1.82","BAHRAIN INTERNATIONAL, BA","  85.7","24","  60.3","24","9999.9"," 0","999.9"," 0","999.9"," 0","  4.6","24","  8.9","999.9","  93.2","*","  77.0","*"," 0.00","I","999.9","000000"
"41150099999","2016-10-06","26.270834","50.63361","1.82","BAHRAIN INTERNATIONAL, BA","  86.0","23","  61.6","23","9999.9"," 0","999.9"," 0","999.9"," 0","  4.7","23","  8.0","999.9","  93.2","*","  80.6","*"," 0.00","I","999.9","000000"
"41150099999","2016-10-07","26.270834","50.63361","1.82","BAHRAIN INTERNATIONAL, BA","  85.0","24","  65.9","22","9999.9"," 0","999.9"," 0","  5.1"," 4","  3.4","24","  7.0","999.9","  95.0","*","  77.0","*"," 0.00","I","999.9","000000"
"41150099999","2016-10-08","26.270834","50.63361","1.82","BAHRAIN INTERNATIONAL, BA","  84.7","24","  64.0","24","9999.9"," 0","999.9"," 0","  4.9","19","  4.4","24","  8.9","999.9","  93.2","*","  78.8","*"," 0.00","I","999.9","000000"
"41150099999","2016-10-09","26.270834","50.63361","1.82","BAHRAIN INTERNATIONAL, BA","  84.9","24","  67.2","24","9999.9"," 0","999.9"," 0","  4.0","14","  4.1","24","  8.0","999.9","  95.0","*","  77.0","*"," 0.00","I","999.9","000000"
"41150099999","2016-10-10","26.270834","50.63361","1.82","BAHRAIN INTERNATIONAL, BA","  86.6","24","  68.7","23","9999.9"," 0","999.9"," 0","  4.3","10","  3.6","24","  7.0","999.9"," 100.4","*","  78.8","*"," 0.00","I","999.9","000000"
"41150099999","2016-10-11","26.270834","50.63361","1.82","BAHRAIN INTERNATIONAL, BA","  87.0","24","  65.5","22","9999.9"," 0","999.9"," 0","  5.2"," 5","  6.3","24"," 12.0","999.9","  96.8","*","  80.6","*"," 0.00","I","999.9","000000"
"41150099999","2016-10-12","26.270834","50.63361","1.82","BAHRAIN INTERNATIONAL, BA","  85.8","24","  67.9","24","9999.9"," 0","999.9"," 0","  5.1"," 6","  7.6","24"," 11.1","999.9","  89.6","*","  82.4","*"," 0.00","I","999.9","000000"
"41150099999","2016-10-13","26.270834","50.63361","1.82","BAHRAIN INTERNATIONAL, BA","  85.3","24","  70.8","24","9999.9"," 0","999.9"," 0","999.9"," 0"," 10.0","24"," 17.1","999.9","  89.6","*","  80.6","*"," 0.00","I","999.9","000000"
"41150099999","2016-10-14","26.270834","50.63361","1.82","BAHRAIN INTERNATIONAL, BA","  85.0","24","  71.5","24","9999.9"," 0","999.9"," 0","999.9"," 0","  7.7","24"," 14.0","999.9","  91.4","*","  80.6","*"," 0.00","I","999.9","000000"
"41150099999","2016-10-15","26.270834","50.63361","1.82","BAHRAIN INTERNATIONAL, BA","  85.7","24","  66.4","24","9999.9"," 0","999.9"," 0","999.9"," 0","  5.9","24","  8.9","999.9","  93.2","*","  80.6","*"," 0.00","I","999.9","000000"
"41150099999","2016-10-16","26.270834","50.63361","1.82","BAHRAIN INTERNATIONAL, BA","  84.9","24","  71.3","24","9999.9"," 0","999.9"," 0","  5.2","12","  9.1","24"," 18.1","999.9","  89.6","*","  80.6","*"," 0.00","I","999.9","000000"
"41150099999","2016-10-17","26.270834","50.63361","1.82","BAHRAIN INTERNATIONAL, BA","  84.8","24","  72.3","24","9999.9"," 0","999.9"," 0","999.9"," 0","  6.4","24","  9.9","999.9","  89.6","*","  80.6","*"," 0.00","I","999.9","000000"
"41150099999","2016-10-18","26.270834","50.63361","1.82","BAHRAIN INTERNATIONAL, BA","  86.1","24","  70.2","24","9999.9"," 0","999.9"," 0","  5.4"," 7","  4.5","24","  8.9","999.9","  93.2","*","  78.8","*"," 0.00","I","999.9","000000"
"41150099999","2016-10-19","26.270834","50.63361","1.82","BAHRAIN INTERNATIONAL, BA","  86.1","24","  69.1","24","9999.9"," 0","999.9"," 0","999.9"," 0","  3.7","24","  6.0","999.9","  95.0","*","  78.8","*"," 0.00","I","999.9","000000"
"41150099999","2016-10-20","26.270834","50.63361","1.82","BAHRAIN INTERNATIONAL, BA","  86.3","24","  67.6","24","9999.9"," 0","999.9"," 0","  5.2","13","  7.3","24"," 12.0","999.9","  93.2","*","  80.6","*"," 0.00","I","999.9","000000"
"41150099999","2016-10-21","26.270834","50.63361","1.82","BAHRAIN INTERNATIONAL, BA","  85.9","24","  67.7","24","9999.9"," 0","999.9"," 0","  4.3"," 4"," 10.3","24"," 15.0","999.9","  91.4","*","  80.6","*"," 0.00","I","999.9","000000"
"41150099999","2016-10-22","26.270834","50.63361","1.82","BAHRAIN INTERNATIONAL, BA","  84.0","24","  72.6","24","9999.9"," 0","999.9"," 0","999.9"," 0","  6.6","24"," 12.0","999.9","  87.8","*","  80.6","*"," 0.00","I","999.9","000000"
"41150099999","2016-10-23","26.270834","50.63361","1.82","BAHRAIN INTERNATIONAL, BA","  83.9","24","  65.8","24","9999.9"," 0","999.9"," 0","  5.0"," 6","  4.8","24","  9.9","999.9","  93.2","*","  77.0","*"," 0.00","I","999.9","000000"
"41150099999","2016-10-24","26.270834","50.63361","1.82","BAHRAIN INTERNATIONAL, BA","  83.8","24","  69.0","24","9999.9"," 0","999.9"," 0","  4.5","22","  6.3","24"," 13.0","999.9","  89.6","*","  78.8","*"," 0.00","I","999.9","000000"
"41150099999","2016-10-25","26.270834","50.63361","1.82","BAHRAIN INTERNATIONAL, BA","  82.8","24","  73.6","24","9999.9"," 0","999.9"," 0","  4.0","24","  4.0","24","  8.0","999.9","  91.4","*","  75.2","*"," 0.00","I","999.9","000000"
"41150099999","2016-10-26","26.270834","50.63361","1.82","BAHRAIN INTERNATIONAL, BA","  85.1","23","  71.8","23","9999.9"," 0","999.9"," 0","  4.3","15","  6.7","23"," 12.0","999.9","  91.4","*","  78.8","*"," 0.00","I","999.9","000000"
"41150099999","2016-10-27","26.270834","50.63361","1.82","BAHRAIN INTERNATIONAL, BA","  84.4","24","  74.2","24","9999.9"," 0","999.9"," 0","  4.2","18","  5.4","24","  8.9","999.9","  89.6","*","  78.8","*"," 0.00","I","999.9","000000"
"41150099999","2016-10-28","26.270834","50.63361","1.82","BAHRAIN INTERNATIONAL, BA","  84.3","24","  69.6","24","9999.9"," 0","999.9"," 0","  5.0","20","  5.0","24","  9.9","999.9","  89.6","*","  78.8","*"," 0.00","I","999.9","000000"
"41150099999","2016-10-29","26.270834","50.63361","1.82","BAHRAIN INTERNATIONAL, BA","  83.2","24","  67.7","24","9999.9"," 0","999.9"," 0","  4.5","24","  6.3","24"," 12.0","999.9","  87.8","*","  78.8","*"," 0.00","I","999.9","000000"
"41150099999","2016-10-30","26.270834","50.63361","1.82","BAHRAIN INTERNATIONAL, BA","  83.8","24","  61.0","24","9999.9"," 0","999.9"," 0","  4.3"," 4","  6.0","24"," 13.0","999.9","  91.4","*","  78.8","*"," 0.00","I","999.9","000000"
"41150099999","2016-10-31","26.270834","50.63361","1.82","BAHRAIN INTERNATIONAL, BA","  83.4","24","  69.7","24","9999.9"," 0","999.9"," 0","  4.6"," 9","  4.5","24","  8.9","999.9","  91.4","*","  78.8","*"," 0.00","I","999.9","000000"
"41150099999","2016-11-01","26.270834","50.63361","1.82","BAHRAIN INTERNATIONAL, BA","  83.4","24","  73.1","24","9999.9"," 0","999.9"," 0","  3.3","24","  7.1","24"," 12.0","999.9","  91.4","*","  78.8","*"," 0.00","I","999.9","000000"
"41150099999","2016-11-02","26.270834","50.63361","1.82","BAHRAIN INTERNATIONAL, BA","  84.6","24","  72.1","24","9999.9"," 0","999.9"," 0","  4.7","22","  7.6","24","  9.9","999.9","  91.4","*","  80.6","*"," 0.00","I","999.9","000000"
"41150099999","2016-11-03","26.270834","50.63361","1.82","BAHRAIN INTERNATIONAL, BA","  82.8","24","  69.7","24","9999.9"," 0","999.9"," 0","  4.3","22","  8.8","24"," 15.0","999.9","  89.6","*","  78.8","*"," 0.00","I","999.9","000000"
"41150099999","2016-11-04","26.270834","50.63361","1.82","BAHRAIN INTERNATIONAL, BA","  80.1","24","  65.1","24","9999.9"," 0","999.9"," 0","  4.3","18"," 13.8","24"," 17.1","999.9","  82.4","*","  78.8","*"," 0.00","I","999.9","000000"
"41150099999","2016-11-05","26.270834","50.63361","1.82","BAHRAIN INTERNATIONAL, BA","  79.4","24","  68.8","24","9999.9"," 0","999.9"," 0","999.9"," 0","  8.7","24"," 15.0","999.9","  82.4","*","  75.2","*"," 0.00","I","999.9","000000"
"41150099999","2016-11-06","26.270834","50.63361","1.82","BAHRAIN INTERNATIONAL, BA","  80.8","24","  69.1","24","9999.9"," 0","999.9"," 0","  4.3","22","  3.7","24","  8.0","999.9","  89.6","*","  73.4","*"," 0.00","I","999.9","000000"
"41150099999","2016-11-07","26.270834","50.63361","1.82","BAHRAIN INTERNATIONAL, BA","  80.5","24","  63.5","24","9999.9"," 0","999.9"," 0","  4.4","11"," 12.9","24"," 21.0","999.9","  86.0","*","  77.0","*"," 0.00","I","999.9","000000"
"41150099999","2016-11-08","26.270834","50.63361","1.82","BAHRAIN INTERNATIONAL, BA","  77.3","24","  53.8","24","9999.9"," 0","999.9"," 0","999.9"," 0"," 16.7","24"," 22.9","999.9","  80.6","*","  75.2","*"," 0.00","I","999.9","000000"
"41150099999","2016-11-09","26.270834","50.63361","1.82","BAHRAIN INTERNATIONAL, BA","  76.2","24","  60.5","24","9999.9"," 0","999.9"," 0","999.9"," 0"," 14.6","24"," 21.0","999.9","  80.6","*","  73.4","*"," 0.00","I","999.9","000000"
"41150099999","2016-11-10","26.270834","50.63361","1.82","BAHRAIN INTERNATIONAL, BA","  76.9","24","  63.9","24","9999.9"," 0","999.9"," 0","  4.8"," 4"," 12.2","24"," 18.1","999.9","  82.4","*","  73.4","*"," 0.00","I","999.9","000000"
"41150099999","2016-11-11","26.270834","50.63361","1.82","BAHRAIN INTERNATIONAL, BA","  77.6","24","  65.8","24","9999.9"," 0","999.9"," 0","  4.4","18","  7.6","24"," 12.0","999.9","  84.2","*","  73.4","*"," 0.00","I","999.9","000000"
"41150099999","2016-11-12","26.270834","50.63361","1.82","BAHRAIN INTERNATIONAL, BA","  76.8","24","  70.0","24","9999.9"," 0","999.9"," 0","  3.3","24","  6.3","24"," 12.0","999.9","  82.4","*","  73.4","*"," 0.00","I","999.9","000000"
"41150099999","2016-11-13","26.270834","50.63361","1.82","BAHRAIN INTERNATIONAL, BA","  76.5","24","  63.6","24","9999.9"," 0","999.9"," 0","  3.3","24","  3.9","24","  8.0","999.9","  82.4","*","  73.4","*"," 0.00","I","999.9","000000"
"41150099999","2016-11-14","26.270834","50.63361","1.82","BAHRAIN INTERNATIONAL, BA","  75.9","24","  69.1","24","9999.9"," 0","999.9"," 0","  2.9","24","  5.1","24","  8.9","999.9","  80.6","*","  68.0","*"," 0.00","I","999.9","000000"
"41150099999","2016-11-15","26.270834","50.63361","1.82","BAHRAIN INTERNATIONAL, BA","  76.2","24","  63.4","24","9999.9"," 0","999.9"," 0","  4.0","21","  5.2","24","  9.9","999.9","  82.4","*","  71.6","*"," 0.00","I","999.9","000000"
"41150099999","2016-11-16","26.270834","50.63361","1.82","BAHRAIN INTERNATIONAL, BA","  76.2","24","  57.9","24","9999.9"," 0","999.9"," 0","  4.0","11","  3.8","24","  6.0","999.9","  84.2","*","  68.0","*"," 0.00","I","999.9","000000"
"41150099999","2016-11-17","26.270834","50.63361","1.82","BAHRAIN INTERNATIONAL, BA","  77.6","24","  64.8","24","9999.9"," 0","999.9"," 0","  3.8","24","  5.5","24"," 11.1","999.9","  84.2","*","  73.4","*"," 0.00","I","999.9","000000"
"41150099999","2016-11-18","26.270834","50.63361","1.82","BAHRAIN INTERNATIONAL, BA","  75.9","24","  66.5","24","9999.9"," 0","999.9"," 0","  3.0","24","  3.0","24","  8.0","999.9","  80.6","*","  69.8","*"," 0.00","I","999.9","000000"
"41150099999","2016-11-19","26.270834","50.63361","1.82","BAHRAIN INTERNATIONAL, BA","  75.9","24","  66.0","24","9999.9"," 0","999.9"," 0","  3.6","21","  9.7","24"," 14.0","999.9","  80.6","*","  69.8","*"," 0.00","I","999.9","100000"
"41150099999","2016-11-20","26.270834","50.63361","1.82","BAHRAIN INTERNATIONAL, BA","  75.3","24","  62.6","24","9999.9"," 0","999.9"," 0","999.9"," 0"," 12.4","24"," 18.1","999.9","  80.6","*","  71.6","*"," 0.00","I","999.9","000000"
"41150099999","2016-11-21","26.270834","50.63361","1.82","BAHRAIN INTERNATIONAL, BA","  74.5","24","  58.9","24","9999.9"," 0","999.9"," 0","999.9"," 0","  8.6","24"," 14.0","999.9","  78.8","*","  69.8","*"," 0.00","I","999.9","000000"
"41150099999","2016-11-22","26.270834","50.63361","1.82","BAHRAIN INTERNATIONAL, BA","  73.9","24","  60.6","24","9999.9"," 0","999.9"," 0","999.9"," 0","  5.3","24","  9.9","999.9","  77.0","*","  69.8","*"," 0.00","I","999.9","000000"
"41150099999","2016-11-23","26.270834","50.63361","1.82","BAHRAIN INTERNATIONAL, BA","  74.3","21","  61.4","21","9999.9"," 0","999.9"," 0","  6.2"," 6","  5.2","21"," 13.0","999.9","  77.0","*","  69.8","*"," 0.00","I","999.9","000000"
"41150099999","2016-11-24","26.270834","50.63361","1.82","BAHRAIN INTERNATIONAL, BA","  74.6","24","  62.4","24","9999.9"," 0","999.9"," 0","  6.2","10","  6.5","24"," 14.0","999.9","  77.0","*","  71.6","*"," 0.00","I","999.9","000000"
"41150099999","2016-11-25","26.270834","50.63361","1.82","BAHRAIN INTERNATIONAL, BA","  72.7","24","  64.8","24","9999.9"," 0","999.9"," 0","  5.7","20"," 10.2","24"," 18.1","999.9","  77.0","*","  66.2","*","99.99"," ","999.9","010000"
"41150099999","2016-11-26","26.270834","50.63361","1.82","BAHRAIN INTERNATIONAL, BA","  71.6","24","  63.7","24","9999.9"," 0","999.9"," 0","  6.0","21","  5.3","24","  8.9","999.9","  73.4","*","  69.8","*","99.99"," ","999.9","010000"
"41150099999","2016-11-27","26.270834","50.63361","1.82","BAHRAIN INTERNATIONAL, BA","  73.0","24","  66.3","24","9999.9"," 0","999.9"," 0","  5.9","14","  5.1","24"," 13.0","999.9","  77.0","*","  69.8","*","99.99"," ","999.9","010010"
"41150099999","2016-11-28","26.270834","50.63361","1.82","BAHRAIN INTERNATIONAL, BA","  72.9","24","  65.2","24","9999.9"," 0","999.9"," 0","  4.6","14","  9.3","24"," 13.0","999.9","  77.0","*","  69.8","*","99.99"," ","999.9","010000"
"41150099999","2016-11-29","26.270834","50.63361","1.82","BAHRAIN INTERNATIONAL, BA","  72.6","24","  61.9","24","9999.9"," 0","999.9"," 0","  5.5","10"," 11.0","24"," 15.9","999.9","  77.0","*","  69.8","*"," 0.00","I","999.9","000000"
"41150099999","2016-11-30","26.270834","50.63361","1.82","BAHRAIN INTERNATIONAL, BA","  74.1","24","  62.9","24","9999.9"," 0","999.9"," 0","  5.3"," 6","  6.0","24","  9.9","999.9","  77.0","*","  69.8","*"," 0.00","I","999.9","000000"
"41150099999","2016-12-01","26.270834","50.63361","1.82","BAHRAIN INTERNATIONAL, BA","  75.9","24","  65.4","24","9999.9"," 0","999.9"," 0","999.9"," 0","  6.1","24","  9.9","999.9","  80.6","*","  69.8","*"," 0.00","I","999.9","000000"
"41150099999","2016-12-02","26.270834","50.63361","1.82","BAHRAIN INTERNATIONAL, BA","  78.4","24","  68.3","24","9999.9"," 0","999.9"," 0","999.9"," 0","  6.4","24","  8.0","999.9","  86.0","*","  75.2","*"," 0.00","I","999.9","000000"
"41150099999","2016-12-03","26.270834","50.63361","1.82","BAHRAIN INTERNATIONAL, BA","  76.4","24","  68.2","24","9999.9"," 0","999.9"," 0","  4.2","14","  8.1","24"," 15.0","999.9","  78.8","*","  75.2","*"," 0.00","I","999.9","000000"
"41150099999","2016-12-04","26.270834","50.63361","1.82","BAHRAIN INTERNATIONAL, BA","  75.6","24","  64.7","24","9999.9"," 0","999.9"," 0","  5.2","12"," 15.5","24"," 20.0","999.9","  78.8","*","  73.4","*"," 0.00","I","999.9","000000"
"41150099999","2016-12-05","26.270834","50.63361","1.82","BAHRAIN INTERNATIONAL, BA","  73.4","24","  66.3","24","9999.9"," 0","999.9"," 0","  4.8","15"," 12.8","24"," 18.1","999.9","  77.0","*","  69.8","*"," 0.00","I","999.9","000000"
"41150099999","2016-12-06","26.270834","50.63361","1.82","BAHRAIN INTERNATIONAL, BA","  73.7","24","  68.3","24","9999.9"," 0","999.9"," 0","  4.0","17","  7.9","24"," 11.1","999.9","  77.0","*","  69.8","*"," 0.00","I","999.9","000000"
"41150099999","2016-12-07","26.270834","50.63361","1.82","BAHRAIN INTERNATIONAL, BA","  73.1","24","  60.9","24","9999.9"," 0","999.9"," 0","  6.2","14"," 14.2","24"," 18.1","999.9","  77.0","*","  68.0","*"," 0.00","I","999.9","000000"
"41150099999","2016-12-08","26.270834","50.63361","1.82","BAHRAIN INTERNATIONAL, BA","  68.0","24","  56.4","24","9999.9"," 0","999.9"," 0","  5.4","12"," 13.3","24"," 18.1","999.9","  71.6","*","  64.4","*"," 0.00","I","999.9","000000"
"41150099999","2016-12-09","26.270834","50.63361","1.82","BAHRAIN INTERNATIONAL, BA","  68.4","24","  52.6","24","9999.9"," 0","999.9"," 0","  6.2","13"," 15.4","24"," 20.0","999.9","  73.4","*","  64.4","*"," 0.00","I","999.9","000000"
"41150099999","2016-12-10","26.270834","50.63361","1.82","BAHRAIN INTERNATIONAL, BA","  62.1","24","  45.1","23","9999.9"," 0","999.9"," 0","  6.2","16"," 16.9","24"," 22.0","999.9","  66.2","*","  59.0","*"," 0.00","I","999.9","000000"
"41150099999","2016-12-11","26.270834","50.63361","1.82","BAHRAIN INTERNATIONAL, BA","  61.1","24","  42.5","24","9999.9"," 0","999.9"," 0","  6.2"," 5"," 12.9","24"," 19.0","999.9","  66.2","*","  57.2","*"," 0.00","I","999.9","000000"
"41150099999","2016-12-12","26.270834","50.63361","1.82","BAHRAIN INTERNATIONAL, BA","  63.7","24","  46.0","24","9999.9"," 0","999.9"," 0","  6.2"," 8"," 14.9","24"," 21.0","999.9","  68.0","*","  59.0","*"," 0.00","I","999.9","000000"
"41150099999","2016-12-13","26.270834","50.63361","1.82","BAHRAIN INTERNATIONAL, BA","  63.5","24","  49.1","24","9999.9"," 0","999.9"," 0","999.9"," 0","  6.1","24"," 12.0","999.9","  68.0","*","  59.0","*"," 0.00","I","999.9","000000"
"41150099999","2016-12-14","26.270834","50.63361","1.82","BAHRAIN INTERNATIONAL, BA","  67.4","24","  51.3","24","9999.9"," 0","999.9"," 0","  6.2"," 4","  7.1","24"," 13.0","999.9","  71.6","*","  59.0","*"," 0.00","I","999.9","000000"
"41150099999","2016-12-15","26.270834","50.63361","1.82","BAHRAIN INTERNATIONAL, BA","  69.3","24","  56.5","24","9999.9"," 0","999.9"," 0","  3.5","16"," 11.5","24"," 19.0","999.9","  75.2","*","  66.2","*"," 0.00","I","999.9","000000"
"41150099999","2016-12-16","26.270834","50.63361","1.82","BAHRAIN INTERNATIONAL, BA","  64.6","24","  50.0","24","9999.9"," 0","999.9"," 0","  6.2","10"," 15.1","24"," 19.0","999.9","  68.0","*","  59.0","*"," 0.00","I","999.9","000000"
"41150099999","2016-12-17","26.270834","50.63361","1.82","BAHRAIN INTERNATIONAL, BA","  64.0","24","  52.8","24","9999.9"," 0","999.9"," 0","  6.1"," 6"," 12.1","24"," 18.1","999.9","  69.8","*","  59.0","*"," 0.00","I","999.9","000000"
"41150099999","2016-12-18","26.270834","50.63361","1.82","BAHRAIN INTERNATIONAL, BA","  64.8","24","  54.3","24","9999.9"," 0","999.9"," 0","999.9"," 0"," 13.2","24"," 19.0","999.9","  69.8","*","  60.8","*"," 0.00","I","999.9","000000"
"41150099999","2016-12-19","26.270834","50.63361","1.82","BAHRAIN INTERNATIONAL, BA","  65.7","24","  56.4","24","9999.9"," 0","999.9"," 0","999.9"," 0","  7.8","24"," 15.9","999.9","  69.8","*","  62.6","*"," 0.00","I","999.9","000000"
"41150099999","2016-12-20","26.270834","50.63361","1.82","BAHRAIN INTERNATIONAL, BA","  67.2","24","  56.5","24","9999.9"," 0","999.9"," 0","  4.7"," 4","  5.8","24","  9.9","999.9","  73.4","*","  62.6","*"," 0.00","I","999.9","000000"
"41150099999","2016-12-21","26.270834","50.63361","1.82","BAHRAIN INTERNATIONAL, BA","  67.1","24","  56.1","24","9999.9"," 0","999.9"," 0","  5.8","13"," 12.7","24"," 19.0","999.9","  69.8","*","  62.6","*"," 0.00","I","999.9","000000"
"41150099999","2016-12-22","26.270834","50.63361","1.82","BAHRAIN INTERNATIONAL, BA","  66.8","24","  58.8","24","9999.9"," 0","999.9"," 0","  5.0"," 6","  8.6","24"," 12.0","999.9","  71.6","*","  62.6","*"," 0.00","I","999.9","000000"
"41150099999","2016-12-23","26.270834","50.63361","1.82","BAHRAIN INTERNATIONAL, BA","  68.8","24","  61.2","24","9999.9"," 0","999.9"," 0","999.9"," 0","  9.5","24"," 15.9","999.9","  73.4","*","  64.4","*"," 0.00","I","999.9","000000"
"41150099999","2016-12-24","26.270834","50.63361","1.82","BAHRAIN INTERNATIONAL, BA","  67.5","24","  61.1","24","9999.9"," 0","999.9"," 0","  4.2","14","  6.5","24"," 13.0","999.9","  71.6","*","  64.4","*"," 0.00","I","999.9","000000"
"41150099999","2016-12-25","26.270834","50.63361","1.82","BAHRAIN INTERNATIONAL, BA","  70.1","24","  64.8","24","9999.9"," 0","999.9"," 0","  4.2","24","  4.6","24","  8.9","999.9","  75.2","*","  64.4","*"," 0.00","I","999.9","000000"
"41150099999","2016-12-26","26.270834","50.63361","1.82","BAHRAIN INTERNATIONAL, BA","  70.5","24","  65.2","24","9999.9"," 0","999.9"," 0","  3.1","24","  4.5","24","  8.9","999.9","  78.8","*","  66.2","*"," 0.00","I","999.9","100000"
"41150099999","2016-12-27","26.270834","50.63361","1.82","BAHRAIN INTERNATIONAL, BA","  69.6","24","  66.2","24","9999.9"," 0","999.9"," 0","  1.6","24","  3.7","24","  6.0","999.9","  75.2","*","  66.2","*"," 0.00","I","999.9","100000"
"41150099999","2016-12-28","26.270834","50.63361","1.82","BAHRAIN INTERNATIONAL, BA","  70.9","24","  61.7","24","9999.9"," 0","999.9"," 0","  2.3","22","  7.3","24"," 15.9","999.9","  82.4","*","  62.6","*"," 0.00","I","999.9","100000"
"41150099999","2016-12-29","26.270834","50.63361","1.82","BAHRAIN INTERNATIONAL, BA","  69.8","24","  60.7","24","9999.9"," 0","999.9"," 0","  4.6"," 9"," 10.8","24"," 15.0","999.9","  71.6","*","  66.2","*"," 0.00","I","999.9","000000"
"41150099999","2016-12-30","26.270834","50.63361","1.82","BAHRAIN INTERNATIONAL, BA","  69.3","24","  64.0","24","9999.9"," 0","999.9"," 0","  4.9","13","  6.1","24"," 12.0","999.9","  73.4","*","  64.4","*"," 0.00","I","999.9","000000"
"41150099999","2016-12-31","26.270834","50.63361","1.82","BAHRAIN INTERNATIONAL, BA","  70.3","24","  60.2","24","9999.9"," 0","999.9"," 0","  4.2","14","  3.4","24","  7.0","999.9","  82.4","*","  64.4","*"," 0.00","I","999.9","000000"
